;account_id; account issuance freq;# transactions;# credit in cash transactions;# credit card withdrawal transactions;# collection from another bank withdrawal transactions;# remittance to another bank withdrawal transactions;# withdrawal in cash transactions;# type = withdrawal transactions;# type = withdrawal in cash transactions;# type = credit transactions;avg transaction amount;avg balance;loan date;loan amount;loan duration;loan payments;status;district_name;district_region;no. of inhabitants;ratio of urban inhabitants ;average salary ;no. of enterpreneurs per 1000 inhabitants ;crimes;unemploymant;card_type;birthdate;sex;has_disponent;age at loan;new status
0;5724;issuance after transaction;176.0;3.0;0.0;20.0;61.0;72.0;126.0;7.0;43.0;7217.39;40175.61;1997-01-08;232560;48;4845;;Ceske Budejovice;south Bohemia;177686;74.8;10045;135;6449.5;1.565;;1939-04-27;F;False;21076.0;
1;4456;monthly issuance;136.0;38.0;0.0;0.0;0.0;81.0;74.0;7.0;55.0;13228.34;76826.46;1998-02-09;321240;60;5354;;Ceske Budejovice;south Bohemia;177686;74.8;10045;135;6449.5;1.565;;1970-01-23;M;False;10244.0;
2;8381;monthly issuance;97.0;25.0;0.0;0.0;14.0;40.0;50.0;4.0;43.0;12692.52;61748.7;1997-07-25;333648;48;6951;;Ceske Budejovice;south Bohemia;177686;74.8;10045;135;6449.5;1.565;;1976-07-10;F;False;7685.0;
3;309;monthly issuance;99.0;21.0;0.0;0.0;0.0;60.0;60.0;;39.0;7918.74;30173.12;1998-11-25;91248;48;1901;;Ceske Budejovice;south Bohemia;177686;74.8;10045;135;6449.5;1.565;;1973-01-08;F;False;9452.0;
4;10351;monthly issuance;131.0;33.0;0.0;0.0;18.0;58.0;76.0;;55.0;2751.43;18675.06;1997-03-04;88704;48;1848;;Cheb;west Bohemia;87419;85.5;8624;102;3038.5;2.225;;1960-10-29;F;True;13275.0;
5;7890;monthly issuance;105.0;29.0;0.0;0.0;15.0;43.0;58.0;;47.0;2747.93;23918.49;1997-10-14;79344;48;1653;;Cheb;west Bohemia;87419;85.5;8624;102;3038.5;2.225;;1951-06-05;F;False;16933.0;
6;5358;monthly issuance;114.0;21.0;0.0;0.0;15.0;59.0;74.0;;40.0;9042.85;41735.42;1997-01-24;68340;60;1139;;Kladno;central Bohemia;149893;67.4;9753;109;5568.0;4.845;;1953-03-16;M;False;16020.0;
7;5267;monthly issuance;152.0;40.0;0.0;0.0;0.0;90.0;76.0;14.0;62.0;12539.06;45330.92;1997-11-26;129312;24;5388;;Kladno;central Bohemia;149893;67.4;9753;109;5568.0;4.845;;1973-10-20;F;False;8803.0;
8;10063;weekly issuance;49.0;2.0;0.0;8.0;16.0;16.0;32.0;;17.0;13561.89;54476.86;1997-06-24;233424;36;6484;;Kladno;central Bohemia;149893;67.4;9753;109;5568.0;4.845;;1959-02-17;M;False;14007.0;
9;11069;monthly issuance;119.0;23.0;0.0;0.0;0.0;75.0;71.0;4.0;44.0;6722.08;42572.41;1997-03-04;119136;48;2482;;Litomerice;north Bohemia;114006;62.3;9065;123;4156.5;4.925;;1963-05-15;F;False;12347.0;
10;9235;monthly issuance;139.0;23.0;0.0;0.0;0.0;76.0;76.0;;63.0;4958.8;39962.47;1997-03-13;83280;48;1735;;Litomerice;north Bohemia;114006;62.3;9065;123;4156.5;4.925;;1941-11-04;F;False;20218.0;
11;3907;monthly issuance;112.0;22.0;0.0;0.0;0.0;68.0;67.0;1.0;44.0;9549.22;42220.03;1998-03-16;133848;24;5577;;Litomerice;north Bohemia;114006;62.3;9065;123;4156.5;4.925;;1960-06-06;F;False;13797.0;
12;2055;monthly issuance;73.0;19.0;0.0;0.0;10.0;30.0;40.0;;33.0;4752.29;14873.38;1998-07-19;271260;60;4521;;Litomerice;north Bohemia;114006;62.3;9065;123;4156.5;4.925;;1971-01-06;M;False;10056.0;
13;2018;monthly issuance;114.0;33.0;0.0;0.0;16.0;46.0;62.0;;52.0;2373.27;20231.31;1997-01-21;38520;12;3210;;Havlickuv Brod;east Bohemia;95907;59.1;8388;87;1663.0;2.675;;1939-12-06;M;False;20866.0;
14;3418;issuance after transaction;58.0;19.0;0.0;0.0;0.0;32.0;28.0;4.0;26.0;14578.79;61345.1;1997-06-10;207264;48;4318;;Havlickuv Brod;east Bohemia;95907;59.1;8388;87;1663.0;2.675;;1962-10-15;M;True;12657.0;
15;330;monthly issuance;101.0;21.0;0.0;0.0;0.0;61.0;61.0;;40.0;9274.98;42007.37;1998-07-12;331584;48;6908;;Havlickuv Brod;east Bohemia;95907;59.1;8388;87;1663.0;2.675;;1973-05-26;F;True;9178.0;
16;3005;issuance after transaction;44.0;18.0;0.0;0.0;6.0;15.0;21.0;;23.0;10797.13;48798.7;1998-06-05;390000;48;8125;;Havlickuv Brod;east Bohemia;95907;59.1;8388;87;1663.0;2.675;;1947-12-13;M;False;18437.0;
17;2142;monthly issuance;27.0;8.0;0.0;0.0;2.0;11.0;13.0;;14.0;7965.13;40311.64;1998-03-07;23328;12;1944;;Havlickuv Brod;east Bohemia;95907;59.1;8388;87;1663.0;2.675;;1964-10-19;F;True;12192.0;
18;4415;monthly issuance;190.0;23.0;0.0;0.0;68.0;78.0;146.0;;44.0;5633.2;44234.83;1997-04-01;74040;12;6170;;Opava;north Moravia;182027;56.4;8746;90;4394.0;3.535;;1956-03-13;F;False;14994.0;
19;8085;monthly issuance;127.0;25.0;0.0;0.0;29.0;55.0;81.0;3.0;43.0;9845.95;37448.4;1997-10-17;260400;60;4340;;Opava;north Moravia;182027;56.4;8746;90;4394.0;3.535;;1950-06-19;F;False;17287.0;
20;9455;monthly issuance;112.0;2.0;0.0;15.0;31.0;49.0;76.0;4.0;32.0;10749.78;56102.47;1998-02-07;374760;60;6246;;Opava;north Moravia;182027;56.4;8746;90;4394.0;3.535;;1951-06-12;M;True;17042.0;
21;2699;monthly issuance;144.0;1.0;3.0;20.0;30.0;71.0;99.0;5.0;40.0;13155.38;54598.84;1998-08-30;231168;48;4816;;Opava;north Moravia;182027;56.4;8746;90;4394.0;3.535;junior;1978-05-11;F;False;7416.0;
22;4725;monthly issuance;25.0;1.0;0.0;6.0;2.0;10.0;12.0;;13.0;13602.68;40044.58;1997-11-04;168264;36;4674;;Opava;north Moravia;182027;56.4;8746;90;4394.0;3.535;;1950-10-08;M;False;17194.0;
23;873;monthly issuance;64.0;16.0;0.0;0.0;16.0;23.0;39.0;;25.0;2712.96;21491.79;1998-02-24;178500;60;2975;;Opava;north Moravia;182027;56.4;8746;90;4394.0;3.535;;1971-08-26;F;False;9679.0;
24;6649;monthly issuance;62.0;17.0;0.0;0.0;0.0;29.0;25.0;4.0;33.0;9885.91;40047.08;1997-05-22;100260;60;1671;;Hl.m. Praha;Prague;1204953;100.0;12541;167;92392.0;0.36;;1967-07-19;M;False;10900.0;
25;9377;monthly issuance;152.0;30.0;0.0;0.0;29.0;58.0;84.0;3.0;65.0;7603.8;55851.8;1997-04-29;99936;24;4164;;Hl.m. Praha;Prague;1204953;100.0;12541;167;92392.0;0.36;;1966-01-22;F;False;11420.0;
26;4999;monthly issuance;97.0;1.0;0.0;15.0;22.0;45.0;64.0;3.0;30.0;8861.79;35478.66;1997-05-18;165168;36;4588;;Hl.m. Praha;Prague;1204953;100.0;12541;167;92392.0;0.36;;1958-07-03;F;True;14199.0;
27;718;monthly issuance;110.0;25.0;0.0;0.0;32.0;39.0;67.0;4.0;39.0;8322.77;40141.8;1997-08-20;76944;12;6412;;Hl.m. Praha;Prague;1204953;100.0;12541;167;92392.0;0.36;;1956-09-13;F;False;14951.0;
28;2246;monthly issuance;37.0;10.0;0.0;0.0;0.0;19.0;19.0;;18.0;12449.36;44265.27;1997-02-05;415800;60;6930;;Hl.m. Praha;Prague;1204953;100.0;12541;167;92392.0;0.36;;1949-09-05;F;False;17320.0;
29;3664;monthly issuance;90.0;25.0;0.0;0.0;0.0;49.0;47.0;2.0;41.0;14286.52;62387.09;1997-09-20;271584;48;5658;;Hl.m. Praha;Prague;1204953;100.0;12541;167;92392.0;0.36;;1976-04-24;M;False;7819.0;
30;6792;monthly issuance;70.0;15.0;0.0;0.0;18.0;27.0;45.0;;25.0;3752.75;29906.53;1997-03-17;17184;12;1432;;Hl.m. Praha;Prague;1204953;100.0;12541;167;92392.0;0.36;;1944-05-31;F;False;19283.0;
31;8772;monthly issuance;77.0;3.0;0.0;13.0;9.0;28.0;37.0;;40.0;4253.81;17535.78;1997-06-19;88272;48;1839;;Hl.m. Praha;Prague;1204953;100.0;12541;167;92392.0;0.36;;1979-05-13;F;False;6612.0;
32;1869;monthly issuance;107.0;20.0;7.0;0.0;0.0;62.0;69.0;;38.0;8860.97;61295.97;1998-01-29;37944;36;1054;;Hl.m. Praha;Prague;1204953;100.0;12541;167;92392.0;0.36;classic;1966-04-10;F;False;11617.0;
33;7674;monthly issuance;66.0;18.0;0.0;0.0;12.0;28.0;38.0;2.0;26.0;11653.44;60311.77;1997-03-21;94488;24;3937;;Hl.m. Praha;Prague;1204953;100.0;12541;167;92392.0;0.36;;1958-08-21;M;False;14092.0;
34;9646;weekly issuance;86.0;27.0;0.0;0.0;0.0;46.0;43.0;3.0;40.0;12324.54;43095.51;1998-04-02;279072;48;5814;;Hl.m. Praha;Prague;1204953;100.0;12541;167;92392.0;0.36;;1969-01-19;M;True;10665.0;
35;1906;monthly issuance;89.0;16.0;0.0;0.0;18.0;41.0;58.0;1.0;30.0;9539.0;51453.8;1997-10-08;44952;24;1873;;Hl.m. Praha;Prague;1204953;100.0;12541;167;92392.0;0.36;;1970-03-25;M;False;10059.0;
36;4144;monthly issuance;149.0;42.0;0.0;0.0;18.0;69.0;81.0;6.0;62.0;12327.57;49635.72;1998-06-21;212976;36;5916;;Hl.m. Praha;Prague;1204953;100.0;12541;167;92392.0;0.36;;1973-06-27;F;True;9125.0;
37;7099;monthly issuance;169.0;3.0;0.0;22.0;52.0;71.0;118.0;5.0;46.0;8040.11;42818.5;1998-06-10;234336;48;4882;;Hl.m. Praha;Prague;1204953;100.0;12541;167;92392.0;0.36;;1971-12-03;F;False;9686.0;
38;2622;monthly issuance;130.0;37.0;0.0;0.0;17.0;56.0;73.0;;57.0;4987.94;31673.9;1998-05-21;136344;24;5681;;Hl.m. Praha;Prague;1204953;100.0;12541;167;92392.0;0.36;;1964-05-26;F;True;12413.0;
39;2872;monthly issuance;52.0;13.0;0.0;0.0;10.0;21.0;31.0;;21.0;4646.15;24411.29;1997-05-19;268320;60;4472;;Hl.m. Praha;Prague;1204953;100.0;12541;167;92392.0;0.36;;1952-09-29;F;False;16303.0;
40;8784;monthly issuance;126.0;1.0;0.0;18.0;13.0;60.0;69.0;4.0;53.0;11075.57;45497.74;1998-04-28;74352;24;3098;;Hl.m. Praha;Prague;1204953;100.0;12541;167;92392.0;0.36;;1957-11-23;F;False;14766.0;
41;6592;monthly issuance;81.0;23.0;0.0;0.0;8.0;41.0;49.0;;32.0;15753.59;63544.65;1997-08-24;390660;60;6511;;Hl.m. Praha;Prague;1204953;100.0;12541;167;92392.0;0.36;;1978-06-29;F;False;6996.0;
42;9037;monthly issuance;178.0;42.0;0.0;0.0;36.0;56.0;92.0;;86.0;4220.94;32014.6;1998-09-15;321936;48;6707;;Hl.m. Praha;Prague;1204953;100.0;12541;167;92392.0;0.36;;1961-04-08;F;True;13674.0;
43;6440;monthly issuance;40.0;15.0;0.0;0.0;0.0;19.0;17.0;2.0;21.0;13359.81;60619.16;1997-06-17;34572;12;2881;;Hl.m. Praha;Prague;1204953;100.0;12541;167;92392.0;0.36;;1976-12-30;F;False;7474.0;
44;3862;monthly issuance;169.0;39.0;0.0;0.0;34.0;76.0;101.0;9.0;59.0;11652.36;56133.65;1998-09-18;74916;36;2081;;Hl.m. Praha;Prague;1204953;100.0;12541;167;92392.0;0.36;;1942-09-16;M;False;20456.0;
45;2545;monthly issuance;110.0;25.0;0.0;0.0;33.0;38.0;71.0;;39.0;3808.92;22133.74;1998-02-13;428784;48;8933;;Hl.m. Praha;Prague;1204953;100.0;12541;167;92392.0;0.36;;1936-04-14;M;True;22585.0;
46;7176;monthly issuance;54.0;13.0;0.0;0.0;7.0;24.0;31.0;;23.0;9742.9;42000.79;1997-11-30;203940;60;3399;;Hl.m. Praha;Prague;1204953;100.0;12541;167;92392.0;0.36;;1954-05-11;F;False;15909.0;
47;10404;monthly issuance;113.0;15.0;0.0;0.0;39.0;45.0;84.0;;29.0;6314.96;48180.38;1998-03-01;194280;60;3238;;Hl.m. Praha;Prague;1204953;100.0;12541;167;92392.0;0.36;;1969-08-12;M;False;10428.0;
48;11231;monthly issuance;52.0;1.0;0.0;9.0;9.0;25.0;29.0;5.0;18.0;15233.59;60522.04;1997-10-24;89280;12;7440;;Hl.m. Praha;Prague;1204953;100.0;12541;167;92392.0;0.36;;1947-11-14;M;False;18242.0;
49;11141;weekly issuance;40.0;14.0;0.0;0.0;0.0;19.0;16.0;3.0;21.0;13027.2;52484.82;1997-10-07;44940;12;3745;;Hl.m. Praha;Prague;1204953;100.0;12541;167;92392.0;0.36;;1976-01-20;F;False;7931.0;
50;6061;monthly issuance;80.0;15.0;0.0;0.0;9.0;43.0;52.0;;28.0;7503.72;43197.28;1998-05-28;5148;12;429;;Hl.m. Praha;Prague;1204953;100.0;12541;167;92392.0;0.36;;1963-03-18;F;False;12855.0;
51;10652;monthly issuance;86.0;1.0;0.0;13.0;18.0;41.0;56.0;3.0;27.0;9538.88;41690.6;1998-05-07;45720;12;3810;;Hl.m. Praha;Prague;1204953;100.0;12541;167;92392.0;0.36;;1978-12-15;F;False;7083.0;
52;8926;monthly issuance;77.0;14.0;0.0;0.0;23.0;22.0;45.0;;32.0;5104.68;36640.32;1998-01-23;566640;60;9444;;Hl.m. Praha;Prague;1204953;100.0;12541;167;92392.0;0.36;;1972-02-06;F;True;9483.0;
53;10068;monthly issuance;23.0;10.0;0.0;0.0;0.0;10.0;10.0;;13.0;12138.52;68874.72;1997-07-28;77808;12;6484;;Hl.m. Praha;Prague;1204953;100.0;12541;167;92392.0;0.36;;1955-11-29;M;True;15217.0;
54;10022;monthly issuance;39.0;1.0;0.0;7.0;6.0;18.0;20.0;4.0;15.0;10188.81;54315.56;1998-01-03;218064;48;4543;;Hl.m. Praha;Prague;1204953;100.0;12541;167;92392.0;0.36;;1944-04-08;F;False;19628.0;
55;10679;monthly issuance;15.0;1.0;0.0;4.0;0.0;6.0;6.0;;9.0;26978.87;64942.89;1997-10-02;197808;24;8242;;Hl.m. Praha;Prague;1204953;100.0;12541;167;92392.0;0.36;;1962-11-03;F;False;12752.0;
56;3953;monthly issuance;32.0;2.0;0.0;6.0;0.0;12.0;12.0;;20.0;11790.42;59128.59;1998-01-04;63576;12;5298;;Hl.m. Praha;Prague;1204953;100.0;12541;167;92392.0;0.36;;1960-04-03;F;False;13790.0;
57;9560;monthly issuance;21.0;6.0;0.0;0.0;0.0;7.0;7.0;;14.0;10315.96;38742.92;1998-03-15;157068;36;4363;;Hl.m. Praha;Prague;1204953;100.0;12541;167;92392.0;0.36;;1971-09-12;F;False;9681.0;
58;3293;monthly issuance;142.0;2.0;1.0;16.0;47.0;61.0;100.0;9.0;33.0;10721.93;58466.19;1998-11-27;276084;36;7669;;Hl.m. Praha;Prague;1204953;100.0;12541;167;92392.0;0.36;classic;1964-03-13;F;False;12677.0;
59;5698;monthly issuance;86.0;23.0;0.0;0.0;9.0;40.0;46.0;3.0;37.0;12681.03;57018.62;1998-11-21;99216;36;2756;;Hl.m. Praha;Prague;1204953;100.0;12541;167;92392.0;0.36;;1951-03-22;F;True;17411.0;
60;1876;monthly issuance;66.0;16.0;0.0;0.0;14.0;25.0;39.0;;27.0;6884.19;44982.42;1998-09-10;209040;24;8710;;Hl.m. Praha;Prague;1204953;100.0;12541;167;92392.0;0.36;;1979-03-25;M;False;7109.0;
61;4616;monthly issuance;16.0;7.0;0.0;0.0;1.0;5.0;6.0;;10.0;10860.61;58360.68;1998-01-12;66696;24;2779;;Hl.m. Praha;Prague;1204953;100.0;12541;167;92392.0;0.36;;1976-01-01;M;False;8047.0;
62;1252;weekly issuance;118.0;2.0;0.0;20.0;0.0;76.0;72.0;4.0;42.0;8874.04;40688.35;1997-04-01;148140;36;4115;;Rakovnik;central Bohemia;53921;41.3;8598;123;1736.0;3.0149999999999997;;1962-03-06;F;False;12810.0;
63;2262;monthly issuance;153.0;42.0;3.0;0.0;0.0;86.0;80.0;9.0;64.0;15620.82;64923.16;1998-12-02;230220;36;6395;;Rakovnik;central Bohemia;53921;41.3;8598;123;1736.0;3.0149999999999997;classic;1950-01-26;M;False;17842.0;
64;5196;weekly issuance;31.0;9.0;0.0;0.0;3.0;14.0;17.0;;14.0;14454.19;49309.01;1997-12-28;79824;12;6652;;Rakovnik;central Bohemia;53921;41.3;8598;123;1736.0;3.0149999999999997;;1956-12-30;M;False;14973.0;
65;7721;monthly issuance;56.0;2.0;0.0;11.0;0.0;33.0;31.0;2.0;23.0;8875.53;39247.39;1998-05-28;45456;12;3788;;Rakovnik;central Bohemia;53921;41.3;8598;123;1736.0;3.0149999999999997;;1947-05-15;F;False;18641.0;
66;675;monthly issuance;126.0;33.0;0.0;0.0;15.0;58.0;73.0;;53.0;3746.16;29947.0;1997-04-01;102240;60;1704;;Jihlava;south Moravia;109164;63.6;8757;96;2341.5;3.665;;1945-09-24;F;True;18817.0;
67;3448;weekly issuance;73.0;14.0;0.0;0.0;0.0;43.0;42.0;1.0;30.0;7446.94;36855.82;1997-10-20;68664;24;2861;;Jihlava;south Moravia;109164;63.6;8757;96;2341.5;3.665;;1980-02-19;F;True;6453.0;
68;3556;monthly issuance;87.0;6.0;0.0;13.0;18.0;38.0;46.0;10.0;31.0;5778.62;34822.47;1998-09-22;174840;60;2914;;Jihlava;south Moravia;109164;63.6;8757;96;2341.5;3.665;;1951-05-07;F;False;17305.0;
69;5118;monthly issuance;150.0;29.0;0.0;0.0;33.0;67.0;100.0;;50.0;2734.47;30896.0;1997-05-04;53232;48;1109;;Olomouc;north Moravia;226122;62.6;8994;110;9440.0;4.295;;1964-05-17;M;False;12040.0;
70;10445;monthly issuance;129.0;21.0;9.0;0.0;16.0;64.0;89.0;;40.0;7822.42;54304.51;1998-01-22;23412;12;1951;;Olomouc;north Moravia;226122;62.6;8994;110;9440.0;4.295;classic;1955-08-26;M;True;15490.0;
71;4794;monthly issuance;86.0;18.0;0.0;0.0;32.0;25.0;57.0;;29.0;5107.33;26347.12;1997-12-27;465504;48;9698;;Olomouc;north Moravia;226122;62.6;8994;110;9440.0;4.295;;1962-05-04;M;False;13021.0;
72;5445;monthly issuance;41.0;2.0;0.0;7.0;12.0;13.0;24.0;1.0;16.0;4217.72;40292.34;1997-10-01;78696;36;2186;;Olomouc;north Moravia;226122;62.6;8994;110;9440.0;4.295;;1971-03-24;F;False;9688.0;
73;349;monthly issuance;85.0;26.0;0.0;0.0;10.0;34.0;44.0;;41.0;3205.86;17076.76;1998-09-09;42816;12;3568;;Olomouc;north Moravia;226122;62.6;8994;110;9440.0;4.295;;1937-06-01;M;True;22380.0;
74;4681;monthly issuance;134.0;4.0;0.0;20.0;31.0;60.0;90.0;1.0;43.0;6360.31;37092.95;1997-03-15;162624;48;3388;;Karvina;north Moravia;285387;89.9;10177;81;9993.0;7.1899999999999995;;1957-11-04;F;False;14376.0;
75;9633;monthly issuance;120.0;26.0;0.0;0.0;0.0;65.0;57.0;8.0;55.0;10629.01;45016.69;1997-06-30;59448;24;2477;;Karvina;north Moravia;285387;89.9;10177;81;9993.0;7.1899999999999995;;1952-08-26;M;False;16379.0;
76;10478;weekly issuance;112.0;36.0;0.0;0.0;0.0;55.0;53.0;2.0;57.0;13043.2;62460.23;1998-01-02;267600;48;5575;;Karvina;north Moravia;285387;89.9;10177;81;9993.0;7.1899999999999995;;1958-01-20;F;False;14592.0;
77;525;monthly issuance;59.0;15.0;0.0;0.0;6.0;24.0;30.0;;29.0;7825.45;45912.4;1997-07-16;210384;48;4383;;Karvina;north Moravia;285387;89.9;10177;81;9993.0;7.1899999999999995;;1956-03-22;F;False;15091.0;
78;2335;monthly issuance;174.0;23.0;0.0;0.0;60.0;57.0;117.0;;57.0;3555.92;12006.4;1997-11-12;541200;60;9020;;Karvina;north Moravia;285387;89.9;10177;81;9993.0;7.1899999999999995;;1946-12-18;F;False;18592.0;
79;2116;monthly issuance;104.0;24.0;0.0;0.0;22.0;43.0;60.0;5.0;39.0;9193.25;42291.19;1997-08-04;92400;12;7700;;Karvina;north Moravia;285387;89.9;10177;81;9993.0;7.1899999999999995;classic;1974-06-20;F;False;8446.0;
80;1004;monthly issuance;148.0;42.0;0.0;0.0;0.0;87.0;83.0;4.0;61.0;15490.92;64193.4;1998-04-11;188532;36;5237;;Karvina;north Moravia;285387;89.9;10177;81;9993.0;7.1899999999999995;;1975-09-01;F;False;8258.0;
81;10202;monthly issuance;83.0;19.0;0.0;0.0;18.0;35.0;49.0;4.0;30.0;9989.97;46147.52;1997-06-19;305424;48;6363;;Karvina;north Moravia;285387;89.9;10177;81;9993.0;7.1899999999999995;;1963-10-13;F;False;12303.0;
82;7907;monthly issuance;81.0;22.0;0.0;0.0;10.0;36.0;45.0;1.0;35.0;9153.71;36685.09;1997-08-31;97392;12;8116;;Karvina;north Moravia;285387;89.9;10177;81;9993.0;7.1899999999999995;;1960-06-23;M;True;13583.0;
83;7262;monthly issuance;21.0;7.0;0.0;0.0;1.0;8.0;9.0;;12.0;8085.1;33927.09;1997-02-10;73260;60;1221;;Karvina;north Moravia;285387;89.9;10177;81;9993.0;7.1899999999999995;;1940-07-07;F;False;20672.0;
84;8742;monthly issuance;32.0;10.0;0.0;0.0;4.0;8.0;12.0;;20.0;5645.51;32407.65;1997-07-29;33144;12;2762;;Karvina;north Moravia;285387;89.9;10177;81;9993.0;7.1899999999999995;;1980-01-27;F;True;6393.0;
85;226;monthly issuance;93.0;27.0;1.0;0.0;13.0;36.0;50.0;;43.0;7501.67;48376.26;1998-07-12;109344;12;9112;;Karvina;north Moravia;285387;89.9;10177;81;9993.0;7.1899999999999995;classic;1944-10-25;F;False;19618.0;
86;1928;monthly issuance;114.0;8.0;0.0;21.0;0.0;64.0;58.0;6.0;50.0;6040.26;29645.32;1998-12-06;55632;24;2318;;Karvina;north Moravia;285387;89.9;10177;81;9993.0;7.1899999999999995;;1948-12-18;M;False;18250.0;
87;8505;monthly issuance;45.0;11.0;0.0;0.0;0.0;18.0;18.0;;27.0;5868.54;35642.2;1997-12-10;42840;12;3570;;Karvina;north Moravia;285387;89.9;10177;81;9993.0;7.1899999999999995;;1937-11-11;M;False;21944.0;
88;938;monthly issuance;15.0;9.0;0.0;0.0;0.0;2.0;2.0;;13.0;3258.51;23066.61;1998-05-21;22260;60;371;;Karvina;north Moravia;285387;89.9;10177;81;9993.0;7.1899999999999995;;1940-11-26;F;False;20995.0;
89;6856;monthly issuance;148.0;26.0;0.0;0.0;51.0;51.0;101.0;1.0;46.0;6250.36;25654.38;1997-04-30;124344;36;3454;;Hradec Kralove;east Bohemia;161854;76.3;9425;125;3988.0;2.11;;1979-06-08;F;False;6536.0;
90;9052;issuance after transaction;133.0;27.0;0.0;0.0;0.0;73.0;71.0;2.0;60.0;10085.17;39870.41;1997-02-26;71976;24;2999;;Hradec Kralove;east Bohemia;161854;76.3;9425;125;3988.0;2.11;;1965-07-14;M;False;11550.0;
91;10365;monthly issuance;78.0;14.0;0.0;0.0;23.0;26.0;48.0;1.0;29.0;6935.73;31518.18;1997-01-04;260640;36;7240;;Domazlice;west Bohemia;58400;52.4;8620;100;1103.0;1.175;;1949-01-21;F;False;17515.0;
92;10134;monthly issuance;59.0;17.0;0.0;0.0;7.0;27.0;34.0;;25.0;15067.19;60593.84;1998-01-11;136368;24;5682;;Domazlice;west Bohemia;58400;52.4;8620;100;1103.0;1.175;;1969-07-04;M;False;10418.0;
93;7957;monthly issuance;175.0;44.0;0.0;0.0;36.0;74.0;108.0;2.0;65.0;11403.55;50590.53;1997-06-14;42900;12;3575;;Trutnov;east Bohemia;121947;70.5;8541;131;3667.5;2.74;;1964-09-21;M;True;11954.0;
94;7045;monthly issuance;21.0;1.0;0.0;6.0;0.0;9.0;9.0;;12.0;17591.31;54677.28;1997-06-16;288720;48;6015;;Trutnov;east Bohemia;121947;70.5;8541;131;3667.5;2.74;;1943-04-19;M;False;19782.0;
95;8320;monthly issuance;17.0;1.0;0.0;4.0;0.0;4.0;4.0;;13.0;12153.43;40151.71;1997-06-04;309660;60;5161;;Trutnov;east Bohemia;121947;70.5;8541;131;3667.5;2.74;;1958-09-27;F;True;14130.0;
96;2165;monthly issuance;14.0;2.0;0.0;5.0;0.0;3.0;3.0;;11.0;11047.05;42902.41;1997-08-22;78600;24;3275;;Trutnov;east Bohemia;121947;70.5;8541;131;3667.5;2.74;;1956-05-09;M;False;15080.0;
97;9227;monthly issuance;30.0;10.0;0.0;0.0;4.0;6.0;10.0;;20.0;2356.26;18241.44;1998-04-29;191580;60;3193;;Trutnov;east Bohemia;121947;70.5;8541;131;3667.5;2.74;;1966-01-11;F;False;11796.0;
98;11271;monthly issuance;111.0;7.0;0.0;16.0;36.0;37.0;73.0;;38.0;3749.47;26491.78;1997-01-31;67320;36;1870;;Kolin;central Bohemia;95616;51.4;9307;118;2828.0;4.14;;1972-01-26;M;False;9137.0;
99;4863;monthly issuance;81.0;2.0;1.0;12.0;16.0;39.0;51.0;5.0;25.0;11450.62;50621.1;1997-03-18;76080;12;6340;;Kolin;central Bohemia;95616;51.4;9307;118;2828.0;4.14;junior;1979-04-06;F;False;6556.0;
100;5837;monthly issuance;91.0;27.0;0.0;0.0;0.0;51.0;45.0;6.0;40.0;13451.67;54375.02;1997-09-14;177804;36;4939;;Kolin;central Bohemia;95616;51.4;9307;118;2828.0;4.14;;1971-07-07;F;False;9566.0;
101;6265;monthly issuance;69.0;21.0;0.0;0.0;6.0;36.0;36.0;6.0;27.0;16362.87;69963.48;1997-06-10;87360;24;3640;;Kolin;central Bohemia;95616;51.4;9307;118;2828.0;4.14;;1937-03-15;M;False;22002.0;
102;5164;monthly issuance;54.0;14.0;0.0;0.0;7.0;23.0;30.0;;24.0;2960.05;25150.98;1998-03-23;22356;36;621;;Kolin;central Bohemia;95616;51.4;9307;118;2828.0;4.14;;1940-04-04;M;False;21172.0;
103;2000;monthly issuance;84.0;14.0;0.0;0.0;23.0;36.0;59.0;;25.0;5449.59;44617.08;1998-07-14;290820;60;4847;;Kolin;central Bohemia;95616;51.4;9307;118;2828.0;4.14;;1937-10-28;M;False;22174.0;
104;4190;monthly issuance;176.0;39.0;0.0;0.0;56.0;59.0;115.0;;61.0;3669.82;34044.43;1997-08-28;405780;60;6763;;Uherske Hradiste;south Moravia;145688;40.7;8544;109;2812.5;1.5750000000000002;;1951-01-19;M;False;17023.0;
105;1498;weekly issuance;113.0;24.0;0.0;0.0;0.0;53.0;45.0;8.0;60.0;9700.01;45342.2;1998-10-07;165780;60;2763;;Uherske Hradiste;south Moravia;145688;40.7;8544;109;2812.5;1.5750000000000002;;1951-07-24;M;False;17242.0;
106;8919;monthly issuance;81.0;22.0;0.0;0.0;14.0;23.0;37.0;;44.0;2043.76;20237.19;1998-06-08;76104;24;3171;;Uherske Hradiste;south Moravia;145688;40.7;8544;109;2812.5;1.5750000000000002;;1961-10-03;F;True;13397.0;
107;4473;monthly issuance;89.0;16.0;0.0;0.0;19.0;40.0;59.0;;30.0;8051.74;54520.2;1997-01-03;93960;60;1566;;Jicin;east Bohemia;77917;53.5;8390;132;2101.0;2.585;;1962-06-01;M;False;12635.0;
108;5912;monthly issuance;113.0;4.0;0.0;20.0;15.0;55.0;67.0;3.0;43.0;7164.74;34785.53;1998-06-23;184620;60;3077;;Jicin;east Bohemia;77917;53.5;8390;132;2101.0;2.585;;1963-09-16;F;False;12699.0;
109;1083;monthly issuance;123.0;22.0;0.0;0.0;38.0;47.0;85.0;;38.0;3641.13;28050.3;1998-04-16;50976;36;1416;;Jicin;east Bohemia;77917;53.5;8390;132;2101.0;2.585;;1979-10-27;M;False;6746.0;
110;8114;monthly issuance;144.0;24.0;0.0;0.0;36.0;63.0;99.0;;45.0;6083.39;39110.67;1997-08-15;99300;60;1655;;Kromeriz;south Moravia;108871;62.1;8444;106;2450.0;3.3550000000000004;;1973-03-20;F;False;8914.0;
111;9353;monthly issuance;63.0;18.0;0.0;0.0;3.0;20.0;21.0;2.0;40.0;7799.71;45805.5;1997-06-08;188616;24;7859;;Kromeriz;south Moravia;108871;62.1;8444;106;2450.0;3.3550000000000004;;1938-11-09;M;True;21396.0;
112;7565;monthly issuance;111.0;2.0;0.0;17.0;25.0;51.0;75.0;1.0;35.0;6225.91;33651.1;1997-08-17;153504;48;3198;;Kromeriz;south Moravia;108871;62.1;8444;106;2450.0;3.3550000000000004;;1975-12-20;M;False;7911.0;
113;9513;monthly issuance;86.0;16.0;0.0;0.0;11.0;45.0;56.0;;30.0;7499.85;31402.28;1997-07-16;18324;12;1527;;Kromeriz;south Moravia;108871;62.1;8444;106;2450.0;3.3550000000000004;;1951-04-11;F;True;16898.0;
114;8268;monthly issuance;79.0;15.0;0.0;0.0;14.0;28.0;42.0;;37.0;3980.18;24946.64;1997-09-26;8616;24;359;;Kromeriz;south Moravia;108871;62.1;8444;106;2450.0;3.3550000000000004;;1975-10-27;M;False;8005.0;
115;9433;monthly issuance;67.0;15.0;0.0;0.0;0.0;39.0;39.0;;28.0;6769.95;41961.45;1998-10-05;44640;24;1860;;Kromeriz;south Moravia;108871;62.1;8444;106;2450.0;3.3550000000000004;;1957-02-11;M;False;15211.0;
116;2073;monthly issuance;67.0;15.0;0.0;0.0;0.0;39.0;39.0;;28.0;6752.09;41154.28;1998-10-05;44640;24;1860;;Kromeriz;south Moravia;108871;62.1;8444;106;2450.0;3.3550000000000004;;1957-02-11;M;False;15211.0;
117;319;weekly issuance;171.0;29.0;0.0;0.0;55.0;67.0;120.0;2.0;49.0;6055.03;48648.4;1997-07-11;369000;60;6150;;Pardubice;east Bohemia;162580;72.8;9538;111;5744.5;1.6600000000000001;;1974-06-30;F;False;8412.0;
118;5395;monthly issuance;95.0;21.0;0.0;0.0;0.0;57.0;52.0;5.0;38.0;8228.6;47679.97;1997-09-05;158184;36;4394;;Pardubice;east Bohemia;162580;72.8;9538;111;5744.5;1.6600000000000001;;1953-08-07;M;False;16100.0;
119;8038;monthly issuance;95.0;19.0;0.0;0.0;12.0;48.0;60.0;;35.0;7941.1;55660.66;1998-01-18;35856;24;1494;;Pardubice;east Bohemia;162580;72.8;9538;111;5744.5;1.6600000000000001;;1967-07-19;F;False;11141.0;
120;5305;monthly issuance;91.0;2.0;0.0;18.0;0.0;54.0;49.0;5.0;37.0;12941.09;41135.01;1998-03-31;240528;48;5011;;Pardubice;east Bohemia;162580;72.8;9538;111;5744.5;1.6600000000000001;;1956-06-29;M;False;15250.0;
121;9031;monthly issuance;16.0;7.0;0.0;0.0;0.0;2.0;2.0;;14.0;10238.56;46214.12;1997-05-03;50112;24;2088;;Pardubice;east Bohemia;162580;72.8;9538;111;5744.5;1.6600000000000001;;1948-01-29;M;False;17992.0;
122;1656;monthly issuance;128.0;6.0;0.0;21.0;16.0;65.0;79.0;2.0;47.0;8240.8;34760.23;1998-10-29;189792;48;3954;;Pardubice;east Bohemia;162580;72.8;9538;111;5744.5;1.6600000000000001;;1940-06-07;M;False;21328.0;
123;3637;monthly issuance;156.0;26.0;0.0;0.0;36.0;72.0;108.0;;48.0;4757.73;51802.02;1997-09-01;14028;12;1169;;Blansko;south Moravia;107911;50.9;8240;99;1876.5;3.045;;1945-12-27;F;False;18876.0;
124;3859;monthly issuance;68.0;16.0;0.0;0.0;0.0;40.0;34.0;6.0;28.0;12548.31;44484.08;1997-05-02;307200;60;5120;;Blansko;south Moravia;107911;50.9;8240;99;1876.5;3.045;;1962-02-26;M;False;12849.0;
125;2035;monthly issuance;171.0;2.0;0.0;20.0;64.0;66.0;127.0;3.0;41.0;7444.48;47164.92;1998-01-25;176328;36;4898;;Blansko;south Moravia;107911;50.9;8240;99;1876.5;3.045;;1943-06-14;M;True;19949.0;
126;1329;monthly issuance;63.0;2.0;0.0;11.0;14.0;25.0;38.0;1.0;24.0;4386.06;25967.5;1997-09-06;23520;12;1960;;Blansko;south Moravia;107911;50.9;8240;99;1876.5;3.045;;1941-11-11;M;True;20388.0;
127;1374;monthly issuance;62.0;1.0;0.0;12.0;0.0;38.0;32.0;6.0;24.0;19229.26;59749.88;1997-09-15;389136;48;8107;;Blansko;south Moravia;107911;50.9;8240;99;1876.5;3.045;;1967-09-07;M;False;10966.0;
128;8713;monthly issuance;91.0;7.0;0.0;14.0;0.0;44.0;40.0;4.0;47.0;6021.06;28620.4;1998-07-24;170700;60;2845;;Blansko;south Moravia;107911;50.9;8240;99;1876.5;3.045;;1971-08-04;M;False;9851.0;
129;2051;weekly issuance;90.0;25.0;0.0;0.0;0.0;51.0;43.0;8.0;39.0;11288.75;53227.14;1997-04-22;293880;60;4898;;Zlin;south Moravia;197099;74.7;9624;145;4374.5;1.955;;1975-01-28;F;False;8120.0;
130;3229;monthly issuance;136.0;30.0;0.0;0.0;30.0;59.0;87.0;2.0;47.0;10322.53;60289.95;1997-05-01;39024;12;3252;;Zlin;south Moravia;197099;74.7;9624;145;4374.5;1.955;;1936-12-23;M;False;22044.0;
131;4293;issuance after transaction;49.0;21.0;0.0;0.0;3.0;18.0;18.0;3.0;28.0;12583.21;49558.69;1997-05-22;164196;36;4561;;Zlin;south Moravia;197099;74.7;9624;145;4374.5;1.955;;1956-09-23;F;False;14851.0;
132;9159;monthly issuance;218.0;31.0;0.0;0.0;72.0;72.0;144.0;;74.0;3603.09;40349.88;1998-06-08;69600;48;1450;;Zlin;south Moravia;197099;74.7;9624;145;4374.5;1.955;;1969-04-14;M;True;10647.0;
133;10005;monthly issuance;39.0;1.0;0.0;8.0;4.0;19.0;22.0;1.0;16.0;15475.12;51175.19;1998-07-29;210744;36;5854;;Zlin;south Moravia;197099;74.7;9624;145;4374.5;1.955;;1978-11-29;M;False;7182.0;
134;11079;monthly issuance;113.0;6.0;0.0;18.0;0.0;72.0;64.0;8.0;41.0;16857.62;66405.07;1997-04-26;98304;12;8192;;Jindrichuv Hradec;south Bohemia;93931;56.9;8427;107;1893.5;1.33;;1970-07-26;M;False;9771.0;
135;7594;monthly issuance;191.0;33.0;0.0;0.0;66.0;73.0;133.0;6.0;52.0;8183.32;53546.71;1997-12-11;130464;48;2718;;Jindrichuv Hradec;south Bohemia;93931;56.9;8427;107;1893.5;1.33;;1974-03-22;M;False;8665.0;
136;10812;monthly issuance;85.0;24.0;0.0;0.0;0.0;49.0;44.0;5.0;36.0;11268.5;54575.4;1998-05-29;140688;48;2931;;Jindrichuv Hradec;south Bohemia;93931;56.9;8427;107;1893.5;1.33;;1941-06-23;M;True;20794.0;
137;3460;monthly issuance;85.0;24.0;0.0;0.0;0.0;49.0;44.0;5.0;36.0;11244.55;57514.35;1998-05-29;140688;48;2931;;Jindrichuv Hradec;south Bohemia;93931;56.9;8427;107;1893.5;1.33;;1941-06-23;M;True;20794.0;
138;10644;monthly issuance;75.0;1.0;0.0;12.0;8.0;43.0;44.0;7.0;24.0;14799.28;61366.87;1998-06-18;269964;36;7499;;Jindrichuv Hradec;south Bohemia;93931;56.9;8427;107;1893.5;1.33;junior;1979-02-14;F;False;7064.0;
139;2516;monthly issuance;102.0;24.0;0.0;0.0;0.0;60.0;60.0;;42.0;6543.77;36161.02;1997-06-13;466608;48;9721;;Kutna Hora;central Bohemia;77963;51.5;8546;126;2880.0;3.485;;1946-03-05;F;False;18728.0;
140;5072;monthly issuance;73.0;11.0;0.0;0.0;22.0;30.0;52.0;;21.0;6783.86;56757.31;1997-02-09;317520;60;5292;;Kutna Hora;central Bohemia;77963;51.5;8546;126;2880.0;3.485;;1968-02-16;F;False;10586.0;
141;6495;monthly issuance;124.0;26.0;0.0;0.0;17.0;61.0;78.0;;46.0;6717.3;41026.33;1998-04-28;104964;12;8747;;Kutna Hora;central Bohemia;77963;51.5;8546;126;2880.0;3.485;;1966-05-11;M;False;11675.0;
142;6083;weekly issuance;86.0;23.0;0.0;0.0;0.0;45.0;37.0;8.0;41.0;14112.97;52871.42;1997-09-28;360864;48;7518;;Kutna Hora;central Bohemia;77963;51.5;8546;126;2880.0;3.485;;1977-10-26;F;False;7277.0;
143;1888;monthly issuance;75.0;1.0;0.0;10.0;18.0;28.0;45.0;1.0;29.0;8336.57;36887.16;1997-08-30;57360;12;4780;;Kutna Hora;central Bohemia;77963;51.5;8546;126;2880.0;3.485;;1957-09-19;M;False;14590.0;
144;1638;weekly issuance;47.0;11.0;0.0;0.0;4.0;18.0;22.0;;25.0;8091.16;45735.84;1998-01-26;64224;24;2676;;Kutna Hora;central Bohemia;77963;51.5;8546;126;2880.0;3.485;;1937-12-13;M;True;21959.0;
145;993;monthly issuance;64.0;15.0;0.0;0.0;0.0;30.0;27.0;3.0;34.0;9952.2;50883.2;1998-07-01;108720;60;1812;;Kutna Hora;central Bohemia;77963;51.5;8546;126;2880.0;3.485;;1966-10-02;F;False;11595.0;
146;4116;monthly issuance;40.0;14.0;0.0;0.0;2.0;16.0;17.0;1.0;22.0;17701.16;66345.68;1998-06-03;151200;36;4200;;Kutna Hora;central Bohemia;77963;51.5;8546;126;2880.0;3.485;;1946-10-10;M;False;18864.0;
147;8169;monthly issuance;137.0;25.0;0.0;0.0;32.0;60.0;92.0;;45.0;3667.17;24067.3;1997-08-12;97980;60;1633;;Rokycany;west Bohemia;45714;55.6;8843;113;853.0;3.21;;1980-03-14;F;False;6360.0;
148;440;monthly issuance;85.0;19.0;0.0;0.0;10.0;42.0;52.0;;33.0;5942.57;25727.38;1998-03-13;84288;48;1756;;Rokycany;west Bohemia;45714;55.6;8843;113;853.0;3.21;;1957-09-27;F;False;14777.0;
149;9208;monthly issuance;121.0;4.0;0.0;17.0;0.0;52.0;42.0;10.0;69.0;6249.39;33221.21;1998-10-12;82128;24;3422;;Rokycany;west Bohemia;45714;55.6;8843;113;853.0;3.21;;1969-04-03;M;False;10784.0;
150;6097;monthly issuance;12.0;7.0;0.0;0.0;0.0;2.0;2.0;;10.0;4487.32;27419.85;1997-10-22;26208;36;728;;Rokycany;west Bohemia;45714;55.6;8843;113;853.0;3.21;;1973-04-12;F;False;8959.0;
151;5477;monthly issuance;145.0;39.0;1.0;0.0;16.0;67.0;82.0;2.0;61.0;12631.08;59951.08;1997-10-04;349392;48;7279;;Hodonin;south Moravia;161954;48.0;8720;116;3690.0;4.115;classic;1954-06-03;M;False;15829.0;
152;2754;weekly issuance;97.0;1.0;0.0;15.0;20.0;46.0;62.0;4.0;31.0;13584.96;43629.44;1997-05-04;335280;48;6985;;Hodonin;south Moravia;161954;48.0;8720;116;3690.0;4.115;;1952-12-26;F;False;16200.0;
153;9242;monthly issuance;58.0;15.0;0.0;0.0;0.0;25.0;25.0;;33.0;2701.5;36729.8;1997-01-24;23184;12;1932;;Hodonin;south Moravia;161954;48.0;8720;116;3690.0;4.115;;1979-07-26;F;False;6392.0;
154;7082;monthly issuance;133.0;25.0;0.0;0.0;50.0;42.0;92.0;;41.0;3355.96;28548.37;1998-02-08;194160;48;4045;;Hodonin;south Moravia;161954;48.0;8720;116;3690.0;4.115;;1945-05-10;F;False;19267.0;
155;4033;monthly issuance;12.0;6.0;0.0;0.0;0.0;3.0;3.0;;9.0;6498.46;29824.12;1997-03-20;84288;48;1756;;Hodonin;south Moravia;161954;48.0;8720;116;3690.0;4.115;;1977-11-01;F;False;7079.0;
156;3273;monthly issuance;134.0;2.0;0.0;21.0;0.0;71.0;64.0;7.0;63.0;16710.56;48061.86;1997-09-21;94512;12;7876;;Ostrava - mesto;north Moravia;323870;100.0;10673;100;18564.5;5.095000000000001;;1952-11-28;M;False;16368.0;
157;4342;monthly issuance;139.0;32.0;0.0;0.0;17.0;71.0;84.0;4.0;51.0;9714.09;56496.39;1997-12-09;100128;24;4172;;Ostrava - mesto;north Moravia;323870;100.0;10673;100;18564.5;5.095000000000001;;1948-04-06;F;False;18144.0;
158;97;monthly issuance;118.0;18.0;0.0;0.0;43.0;42.0;85.0;;33.0;4844.03;33057.37;1997-08-10;102876;12;8573;;Ostrava - mesto;north Moravia;323870;100.0;10673;100;18564.5;5.095000000000001;;1942-01-28;M;True;20283.0;
159;3353;monthly issuance;22.0;7.0;0.0;0.0;1.0;9.0;10.0;;12.0;11676.27;44355.04;1997-02-09;146064;24;6086;;Ostrava - mesto;north Moravia;323870;100.0;10673;100;18564.5;5.095000000000001;;1953-06-01;F;False;15959.0;
160;9241;monthly issuance;54.0;1.0;0.0;9.0;4.0;24.0;25.0;3.0;26.0;9580.14;49699.66;1997-06-19;285240;60;4754;;Ostrava - mesto;north Moravia;323870;100.0;10673;100;18564.5;5.095000000000001;;1952-05-28;M;True;16458.0;
161;3249;monthly issuance;51.0;12.0;0.0;0.0;6.0;24.0;30.0;;21.0;8767.47;28809.0;1997-08-27;68124;12;5677;;Ostrava - mesto;north Moravia;323870;100.0;10673;100;18564.5;5.095000000000001;;1957-11-01;M;False;14544.0;
162;1242;issuance after transaction;60.0;11.0;0.0;0.0;20.0;19.0;39.0;;21.0;7808.7;40526.45;1997-09-07;128544;24;5356;;Ostrava - mesto;north Moravia;323870;100.0;10673;100;18564.5;5.095000000000001;;1951-11-29;F;False;16719.0;
163;6510;monthly issuance;35.0;13.0;0.0;0.0;0.0;17.0;15.0;2.0;18.0;14823.31;61992.3;1997-05-06;76992;24;3208;;Ostrava - mesto;north Moravia;323870;100.0;10673;100;18564.5;5.095000000000001;;1965-10-17;M;False;11524.0;
164;2080;monthly issuance;17.0;1.0;0.0;5.0;0.0;7.0;7.0;;10.0;26971.42;62852.92;1997-09-12;214596;36;5961;;Ostrava - mesto;north Moravia;323870;100.0;10673;100;18564.5;5.095000000000001;;1937-09-08;M;True;21919.0;
165;8931;weekly issuance;119.0;31.0;0.0;0.0;18.0;47.0;61.0;4.0;54.0;12880.92;62765.87;1997-01-30;186300;60;3105;;Vyskov;south Moravia;86513;50.5;8288;110;1511.0;4.154999999999999;;1947-11-16;M;False;17973.0;
166;2986;monthly issuance;135.0;21.0;0.0;0.0;31.0;64.0;95.0;;40.0;7184.29;47061.86;1997-12-06;24792;24;1033;;Vyskov;south Moravia;86513;50.5;8288;110;1511.0;4.154999999999999;;1958-06-06;M;False;14428.0;
167;4660;monthly issuance;18.0;1.0;0.0;5.0;2.0;6.0;7.0;1.0;10.0;14678.87;57324.07;1997-05-28;106944;24;4456;;Vyskov;south Moravia;86513;50.5;8288;110;1511.0;4.154999999999999;;1953-03-22;F;False;16138.0;
168;3403;monthly issuance;79.0;19.0;0.0;0.0;0.0;48.0;40.0;8.0;31.0;10139.36;54293.59;1998-06-27;71820;36;1995;;Vyskov;south Moravia;86513;50.5;8288;110;1511.0;4.154999999999999;;1964-02-09;M;False;12557.0;
169;9225;monthly issuance;98.0;18.0;0.0;0.0;0.0;51.0;45.0;6.0;47.0;8080.24;42341.64;1997-04-13;164256;48;3422;;Praha - zapad;central Bohemia;75637;36.5;9622;154;3502.0;0.52;;1972-08-20;M;True;9002.0;
170;9631;monthly issuance;93.0;8.0;0.0;17.0;0.0;52.0;45.0;7.0;41.0;5879.7;29114.62;1997-11-09;59448;24;2477;;Praha - zapad;central Bohemia;75637;36.5;9622;154;3502.0;0.52;;1957-12-01;M;False;14588.0;
171;7274;monthly issuance;22.0;6.0;0.0;0.0;2.0;9.0;11.0;;11.0;16456.87;49296.52;1998-03-12;49044;12;4087;;Praha - zapad;central Bohemia;75637;36.5;9622;154;3502.0;0.52;;1953-04-11;F;False;16406.0;
172;6678;monthly issuance;129.0;36.0;0.0;0.0;0.0;75.0;63.0;12.0;54.0;14502.6;61692.08;1997-07-09;294384;48;6133;;Brno - mesto;south Moravia;387570;100.0;9897;140;18708.5;1.78;;1966-11-29;F;False;11180.0;
173;1093;monthly issuance;102.0;1.0;0.0;17.0;13.0;55.0;59.0;9.0;34.0;17023.97;47433.42;1997-06-13;385104;48;8023;;Brno - mesto;south Moravia;387570;100.0;9897;140;18708.5;1.78;;1956-12-18;F;False;14787.0;
174;7542;monthly issuance;111.0;30.0;0.0;0.0;24.0;41.0;65.0;;46.0;4880.52;27937.98;1997-10-19;590820;60;9847;;Brno - mesto;south Moravia;387570;100.0;9897;140;18708.5;1.78;;1967-08-22;M;False;11016.0;
175;4099;monthly issuance;103.0;15.0;0.0;0.0;30.0;45.0;75.0;;28.0;5151.38;38559.26;1997-07-31;41856;48;872;;Brno - mesto;south Moravia;387570;100.0;9897;140;18708.5;1.78;;1960-11-09;F;False;13413.0;
176;3967;monthly issuance;32.0;9.0;0.0;0.0;0.0;18.0;17.0;1.0;14.0;10482.17;41766.69;1997-03-29;84600;36;2350;;Brno - mesto;south Moravia;387570;100.0;9897;140;18708.5;1.78;;1938-08-16;M;False;21410.0;
177;11328;monthly issuance;106.0;28.0;0.0;0.0;0.0;59.0;54.0;5.0;47.0;8138.69;38619.1;1998-07-18;280440;60;4674;;Brno - mesto;south Moravia;387570;100.0;9897;140;18708.5;1.78;;1952-09-09;F;False;16748.0;
178;8523;monthly issuance;104.0;2.0;0.0;15.0;0.0;59.0;52.0;7.0;45.0;14395.11;53890.64;1998-02-15;93036;12;7753;;Brno - mesto;south Moravia;387570;100.0;9897;140;18708.5;1.78;;1980-09-12;F;False;6365.0;
179;7966;monthly issuance;43.0;9.0;0.0;0.0;0.0;20.0;19.0;1.0;23.0;9163.08;52777.34;1997-09-07;473280;60;7888;;Brno - mesto;south Moravia;387570;100.0;9897;140;18708.5;1.78;;1967-07-01;F;False;11026.0;
180;9424;monthly issuance;34.0;2.0;0.0;8.0;0.0;17.0;16.0;1.0;17.0;6476.99;29077.81;1997-08-26;83628;36;2323;;Brno - mesto;south Moravia;387570;100.0;9897;140;18708.5;1.78;;1977-09-23;F;False;7277.0;
181;2064;monthly issuance;34.0;2.0;0.0;8.0;0.0;17.0;16.0;1.0;17.0;6458.95;29052.61;1997-08-26;83628;36;2323;;Brno - mesto;south Moravia;387570;100.0;9897;140;18708.5;1.78;;1977-09-23;F;False;7277.0;
182;9730;monthly issuance;39.0;10.0;0.0;0.0;8.0;14.0;22.0;;17.0;4050.98;29865.19;1997-08-15;116040;60;1934;;Brno - mesto;south Moravia;387570;100.0;9897;140;18708.5;1.78;;1939-10-27;F;True;21112.0;
183;6138;monthly issuance;23.0;2.0;0.0;6.0;1.0;9.0;10.0;;13.0;9277.09;30181.32;1997-07-30;67608;24;2817;;Brno - mesto;south Moravia;387570;100.0;9897;140;18708.5;1.78;;1963-01-25;F;True;12605.0;
184;4746;monthly issuance;23.0;8.0;0.0;0.0;0.0;9.0;8.0;1.0;14.0;16351.48;48890.18;1997-09-07;204780;60;3413;;Brno - mesto;south Moravia;387570;100.0;9897;140;18708.5;1.78;;1953-02-24;M;False;16266.0;
185;5180;monthly issuance;34.0;9.0;0.0;0.0;0.0;13.0;11.0;2.0;21.0;9266.1;32543.26;1998-07-16;58764;12;4897;;Brno - mesto;south Moravia;387570;100.0;9897;140;18708.5;1.78;;1946-01-01;F;True;19189.0;
186;442;monthly issuance;2.0;2.0;0.0;0.0;0.0;;;;2.0;5050.0;5350.0;1997-07-10;357840;48;7455;;Brno - mesto;south Moravia;387570;100.0;9897;140;18708.5;1.78;;1941-05-19;F;False;20506.0;
187;1580;monthly issuance;134.0;35.0;0.0;0.0;0.0;78.0;73.0;5.0;56.0;12812.21;51370.48;1997-11-27;194256;24;8094;;Jesenik;north Moravia;42821;48.4;8173;124;1358.0;7.01;;1968-04-15;M;False;10818.0;
188;4361;monthly issuance;65.0;1.0;0.0;13.0;0.0;39.0;36.0;3.0;26.0;18359.0;77525.12;1997-03-29;90156;12;7513;;Jesenik;north Moravia;42821;48.4;8173;124;1358.0;7.01;;1946-10-07;F;True;18436.0;
189;9201;monthly issuance;112.0;2.0;0.0;15.0;11.0;54.0;60.0;5.0;47.0;12554.06;48395.94;1998-02-05;122472;24;5103;;Jesenik;north Moravia;42821;48.4;8173;124;1358.0;7.01;;1961-01-31;F;False;13519.0;
190;10280;monthly issuance;65.0;1.0;0.0;13.0;0.0;39.0;32.0;7.0;26.0;14812.91;58819.49;1997-12-31;348120;60;5802;;Jesenik;north Moravia;42821;48.4;8173;124;1358.0;7.01;;1962-07-20;F;False;12948.0;
191;7049;monthly issuance;31.0;1.0;0.0;7.0;0.0;17.0;17.0;;14.0;22957.87;44813.42;1998-05-22;495180;60;8253;;Jesenik;north Moravia;42821;48.4;8173;124;1358.0;7.01;;1979-12-25;F;False;6723.0;
192;314;issuance after transaction;94.0;4.0;0.0;15.0;11.0;49.0;54.0;6.0;34.0;12542.66;38819.32;1997-05-03;66840;24;2785;;Cesky Krumlov;south Bohemia;58796;51.9;9045;124;1862.0;3.365;;1939-05-17;F;True;21171.0;
193;5572;monthly issuance;43.0;10.0;0.0;0.0;4.0;21.0;24.0;1.0;18.0;10815.49;45160.51;1998-04-19;140880;60;2348;;Cesky Krumlov;south Bohemia;58796;51.9;9045;124;1862.0;3.365;;1957-12-27;M;False;14723.0;
194;5283;monthly issuance;65.0;1.0;0.0;11.0;7.0;35.0;40.0;2.0;23.0;15992.55;65037.93;1998-09-09;170832;48;3559;;Cesky Krumlov;south Bohemia;58796;51.9;9045;124;1862.0;3.365;;1970-01-07;M;False;10472.0;
195;9504;monthly issuance;77.0;1.0;3.0;14.0;0.0;46.0;42.0;7.0;28.0;13641.95;49678.37;1997-03-10;341280;60;5688;;Nymburk;central Bohemia;81344;55.3;8899;149;2737.0;3.68;classic;1949-04-14;M;False;17497.0;
196;2187;weekly issuance;134.0;38.0;0.0;0.0;0.0;76.0;71.0;5.0;58.0;14576.12;64144.5;1997-11-04;53472;12;4456;;Nymburk;central Bohemia;81344;55.3;8899;149;2737.0;3.68;;1940-03-26;M;True;21042.0;
197;5591;monthly issuance;71.0;2.0;0.0;10.0;24.0;26.0;45.0;5.0;21.0;6430.81;44440.91;1997-01-21;221880;60;3698;;Nymburk;central Bohemia;81344;55.3;8899;149;2737.0;3.68;;1943-09-29;F;True;19473.0;
198;4626;monthly issuance;63.0;15.0;0.0;0.0;0.0;37.0;33.0;4.0;26.0;11718.19;45807.11;1997-06-18;33348;12;2779;;Nymburk;central Bohemia;81344;55.3;8899;149;2737.0;3.68;;1970-09-12;F;False;9776.0;
199;7990;monthly issuance;146.0;39.0;0.0;0.0;17.0;71.0;81.0;7.0;58.0;13557.82;64162.67;1998-04-23;144960;48;3020;;Nymburk;central Bohemia;81344;55.3;8899;149;2737.0;3.68;;1967-03-17;F;False;11360.0;
200;9153;monthly issuance;101.0;23.0;0.0;0.0;10.0;40.0;50.0;;51.0;2807.97;33782.06;1998-03-01;52236;36;1451;;Nymburk;central Bohemia;81344;55.3;8899;149;2737.0;3.68;;1938-09-25;M;True;21707.0;
201;5181;monthly issuance;60.0;17.0;0.0;0.0;0.0;32.0;27.0;5.0;28.0;8508.54;42435.31;1997-04-28;399120;60;6652;;Prerov;north Moravia;138032;64.6;8819;99;4284.0;5.52;;1942-08-20;F;False;19975.0;
202;10789;monthly issuance;146.0;33.0;0.0;0.0;38.0;61.0;93.0;6.0;47.0;11189.42;59138.44;1997-12-09;45768;12;3814;;Prerov;north Moravia;138032;64.6;8819;99;4284.0;5.52;;1944-08-01;M;True;19488.0;
203;6686;monthly issuance;120.0;1.0;0.0;22.0;0.0;76.0;63.0;13.0;44.0;11518.62;41285.02;1997-12-25;116496;24;4854;;Trebic;south Moravia;117897;53.8;8814;107;2085.5;5.25;;1958-10-07;M;False;14324.0;
204;4320;monthly issuance;87.0;28.0;0.0;0.0;0.0;46.0;46.0;;41.0;16368.1;53636.37;1997-08-09;51360;12;4280;;Trebic;south Moravia;117897;53.8;8814;107;2085.5;5.25;;1945-09-08;F;False;18963.0;
205;2753;monthly issuance;107.0;2.0;0.0;19.0;15.0;53.0;68.0;;39.0;8355.36;33039.89;1997-09-30;66432;24;2768;;Plzen - mesto;west Bohemia;170449;100.0;10787;131;6151.0;2.865;;1971-04-13;F;True;9667.0;
206;4803;monthly issuance;44.0;15.0;0.0;0.0;0.0;21.0;21.0;;23.0;2346.76;23023.66;1997-02-25;59136;48;1232;;Plzen - mesto;west Bohemia;170449;100.0;10787;131;6151.0;2.865;;1979-12-10;F;False;6287.0;
207;9138;monthly issuance;63.0;12.0;0.0;0.0;12.0;20.0;31.0;1.0;31.0;7270.02;36907.37;1997-06-03;272220;60;4537;;Plzen - mesto;west Bohemia;170449;100.0;10787;131;6151.0;2.865;;1946-09-23;F;False;18516.0;
208;10233;monthly issuance;106.0;2.0;0.0;14.0;38.0;38.0;73.0;3.0;30.0;6547.78;37233.14;1997-05-03;239160;60;3986;;Plzen - jih;west Bohemia;67298;43.8;8561;110;1078.0;0.97;;1947-01-30;M;False;18356.0;
209;666;monthly issuance;152.0;26.0;2.0;0.0;45.0;60.0;107.0;;45.0;4203.09;41922.05;1997-11-28;12540;12;1045;;Plzen - jih;west Bohemia;67298;43.8;8561;110;1078.0;0.97;classic;1940-02-12;F;True;21109.0;
210;7894;monthly issuance;171.0;39.0;4.0;0.0;36.0;74.0;105.0;9.0;57.0;12272.34;58553.68;1997-10-21;153144;36;4254;;Plzen - jih;west Bohemia;67298;43.8;8561;110;1078.0;0.97;classic;1969-02-17;M;False;10473.0;
211;3942;weekly issuance;84.0;28.0;0.0;0.0;7.0;32.0;39.0;;45.0;12020.69;57995.12;1997-10-14;107352;36;2982;;Plzen - jih;west Bohemia;67298;43.8;8561;110;1078.0;0.97;;1939-12-28;F;False;21110.0;
212;9859;monthly issuance;95.0;3.0;1.0;13.0;24.0;42.0;63.0;4.0;28.0;8434.02;53217.73;1997-08-10;300600;60;5010;;Plzen - jih;west Bohemia;67298;43.8;8561;110;1078.0;0.97;classic;1964-06-26;F;False;12098.0;
213;10257;monthly issuance;130.0;34.0;0.0;0.0;14.0;66.0;72.0;8.0;50.0;14400.97;54062.08;1998-09-02;37812;12;3151;;Plzen - jih;west Bohemia;67298;43.8;8561;110;1078.0;0.97;;1965-01-26;F;False;12272.0;
214;5944;monthly issuance;71.0;14.0;0.0;0.0;8.0;37.0;45.0;;26.0;7910.05;45921.2;1998-06-18;78720;48;1640;;Plzen - jih;west Bohemia;67298;43.8;8561;110;1078.0;0.97;;1944-06-01;F;False;19740.0;
215;825;monthly issuance;65.0;15.0;0.0;0.0;6.0;33.0;39.0;;26.0;5937.39;33129.4;1997-02-02;53076;12;4423;;Prachatice;south Bohemia;51428;52.7;8402;120;1049.0;3.5549999999999997;;1948-05-21;M;False;17789.0;
216;2982;monthly issuance;215.0;3.0;7.0;23.0;75.0;85.0;146.0;21.0;48.0;11082.8;63500.41;1998-04-17;41256;12;3438;;Prachatice;south Bohemia;51428;52.7;8402;120;1049.0;3.5549999999999997;gold;1938-08-03;M;True;21807.0;
217;7733;weekly issuance;142.0;2.0;0.0;22.0;0.0;96.0;83.0;13.0;46.0;13771.42;66051.95;1998-05-12;140064;24;5836;;Prachatice;south Bohemia;51428;52.7;8402;120;1049.0;3.5549999999999997;;1950-07-18;F;False;17465.0;
218;5602;issuance after transaction;86.0;21.0;0.0;0.0;0.0;48.0;46.0;2.0;38.0;9661.81;44723.36;1997-12-28;177504;48;3698;;Prachatice;south Bohemia;51428;52.7;8402;120;1049.0;3.5549999999999997;;1944-04-12;M;False;19618.0;
219;6075;monthly issuance;78.0;26.0;0.0;0.0;0.0;37.0;37.0;;41.0;3453.91;14785.59;1998-01-06;407952;48;8499;;Prachatice;south Bohemia;51428;52.7;8402;120;1049.0;3.5549999999999997;;1974-02-28;F;False;8713.0;
220;1407;issuance after transaction;77.0;23.0;0.0;0.0;8.0;37.0;44.0;1.0;32.0;15077.02;71376.04;1998-01-17;125472;24;5228;;Prachatice;south Bohemia;51428;52.7;8402;120;1049.0;3.5549999999999997;;1946-07-01;F;True;18828.0;
221;38;weekly issuance;55.0;6.0;0.0;9.0;13.0;19.0;31.0;1.0;23.0;4716.19;31383.45;1998-04-19;110736;48;2307;;Prachatice;south Bohemia;51428;52.7;8402;120;1049.0;3.5549999999999997;;1940-01-30;F;False;21264.0;
222;7437;weekly issuance;55.0;6.0;0.0;9.0;13.0;19.0;31.0;1.0;23.0;4766.71;30696.24;1998-04-19;110736;48;2307;;Prachatice;south Bohemia;51428;52.7;8402;120;1049.0;3.5549999999999997;;1940-01-30;F;False;21264.0;
223;103;monthly issuance;83.0;22.0;0.0;0.0;0.0;41.0;35.0;6.0;42.0;8634.16;46266.57;1997-12-06;265320;36;7370;;Chrudim;east Bohemia;105606;53.0;8254;97;2245.5;3.275;;1967-09-21;M;False;11034.0;
224;10243;monthly issuance;104.0;34.0;0.0;0.0;0.0;58.0;53.0;5.0;46.0;17805.06;68510.42;1998-09-22;113436;36;3151;;Chrudim;east Bohemia;105606;53.0;8254;97;2245.5;3.275;;1956-01-01;M;False;15605.0;
225;3875;monthly issuance;11.0;1.0;0.0;4.0;0.0;3.0;3.0;;8.0;22625.04;58031.63;1998-02-10;153936;24;6414;;Chrudim;east Bohemia;105606;53.0;8254;97;2245.5;3.275;;1949-08-28;M;False;17698.0;
226;3455;monthly issuance;57.0;1.0;0.0;12.0;0.0;33.0;32.0;1.0;24.0;14432.87;46016.2;1997-03-07;67464;12;5622;;Chomutov;north Bohemia;125236;87.7;9675;100;5256.5;7.055;;1935-12-25;M;False;22353.0;
227;10807;monthly issuance;57.0;1.0;0.0;12.0;0.0;33.0;32.0;1.0;24.0;14344.91;48557.38;1997-03-07;67464;12;5622;;Chomutov;north Bohemia;125236;87.7;9675;100;5256.5;7.055;;1935-12-25;M;False;22353.0;
228;6453;monthly issuance;165.0;36.0;0.0;0.0;54.0;54.0;108.0;;57.0;1566.86;22935.07;1998-05-17;10944;36;304;;Chomutov;north Bohemia;125236;87.7;9675;100;5256.5;7.055;;1951-07-10;M;False;17113.0;
229;6157;monthly issuance;83.0;24.0;0.0;0.0;10.0;37.0;45.0;2.0;36.0;11110.32;54799.86;1997-12-28;247920;48;5165;;Chomutov;north Bohemia;125236;87.7;9675;100;5256.5;7.055;classic;1942-04-04;F;False;20357.0;
230;10148;monthly issuance;73.0;14.0;0.0;0.0;16.0;32.0;48.0;;25.0;4537.71;44135.94;1998-01-27;22104;12;1842;;Chomutov;north Bohemia;125236;87.7;9675;100;5256.5;7.055;;1965-04-10;F;False;11980.0;
231;1389;monthly issuance;97.0;26.0;0.0;0.0;11.0;47.0;52.0;6.0;39.0;10944.51;48989.18;1998-09-02;125472;24;5228;;Chomutov;north Bohemia;125236;87.7;9675;100;5256.5;7.055;;1940-11-25;M;False;21100.0;
232;2334;monthly issuance;94.0;13.0;0.0;16.0;12.0;37.0;49.0;;45.0;5664.9;31897.43;1997-08-04;48312;24;2013;;Svitavy;east Bohemia;102609;52.0;8187;94;2128.5;5.140000000000001;;1958-10-19;M;False;14169.0;
233;4127;monthly issuance;64.0;12.0;0.0;0.0;18.0;24.0;41.0;1.0;22.0;6239.58;26649.77;1997-08-15;100800;24;4200;;Svitavy;east Bohemia;102609;52.0;8187;94;2128.5;5.140000000000001;;1938-05-26;M;False;21631.0;
234;7713;weekly issuance;75.0;16.0;0.0;0.0;6.0;35.0;39.0;2.0;34.0;7381.6;38280.1;1998-02-25;220440;60;3674;;Svitavy;east Bohemia;102609;52.0;8187;94;2128.5;5.140000000000001;;1955-11-02;F;False;15456.0;
235;1528;monthly issuance;78.0;16.0;0.0;0.0;0.0;49.0;49.0;;29.0;6772.5;32688.03;1997-07-21;191088;48;3981;;Svitavy;east Bohemia;102609;52.0;8187;94;2128.5;5.140000000000001;;1962-09-05;M;False;12738.0;
236;6461;monthly issuance;67.0;20.0;0.0;0.0;0.0;37.0;33.0;4.0;30.0;10160.66;52250.26;1997-06-15;150912;36;4192;;Svitavy;east Bohemia;102609;52.0;8187;94;2128.5;5.140000000000001;;1975-09-27;F;True;7932.0;
237;3562;monthly issuance;143.0;37.0;0.0;0.0;0.0;85.0;77.0;8.0;58.0;11944.71;58926.41;1998-05-24;174960;24;7290;;Svitavy;east Bohemia;102609;52.0;8187;94;2128.5;5.140000000000001;;1977-09-15;F;False;7556.0;
238;10857;monthly issuance;59.0;10.0;0.0;0.0;0.0;24.0;24.0;;35.0;7820.17;29028.27;1997-11-30;385560;60;6426;;Svitavy;east Bohemia;102609;52.0;8187;94;2128.5;5.140000000000001;;1956-04-15;M;False;15204.0;
239;8225;monthly issuance;115.0;2.0;0.0;16.0;0.0;52.0;48.0;4.0;63.0;5640.36;31916.9;1998-03-30;36204;12;3017;;Svitavy;east Bohemia;102609;52.0;8187;94;2128.5;5.140000000000001;;1938-01-06;M;False;21998.0;
240;11317;monthly issuance;145.0;34.0;0.0;0.0;28.0;67.0;91.0;4.0;50.0;14354.51;64978.07;1998-11-22;317460;60;5291;;Svitavy;east Bohemia;102609;52.0;8187;94;2128.5;5.140000000000001;;1975-11-20;M;False;8403.0;
241;2936;monthly issuance;124.0;40.0;0.0;0.0;18.0;45.0;63.0;;61.0;4163.92;20942.59;1998-01-20;504000;60;8400;;Beroun;central Bohemia;75232;41.7;8980;111;2818.5;2.08;;1971-02-28;M;False;9823.0;
242;4618;monthly issuance;43.0;14.0;0.0;0.0;0.0;22.0;22.0;;21.0;12559.06;51945.22;1997-03-17;66696;24;2779;;Beroun;central Bohemia;75232;41.7;8980;111;2818.5;2.08;;1966-12-22;F;False;11043.0;
243;3329;monthly issuance;72.0;16.0;0.0;0.0;9.0;34.0;43.0;;29.0;7670.84;36065.98;1997-12-08;19248;12;1604;;Beroun;central Bohemia;75232;41.7;8980;111;2818.5;2.08;;1964-10-16;M;True;12106.0;
244;3711;monthly issuance;26.0;7.0;0.0;0.0;0.0;13.0;11.0;2.0;13.0;12750.85;45410.15;1997-11-05;460980;60;7683;;Beroun;central Bohemia;75232;41.7;8980;111;2818.5;2.08;;1964-12-09;F;False;12019.0;
245;6922;weekly issuance;104.0;3.0;0.0;18.0;0.0;65.0;61.0;4.0;39.0;13016.1;46755.31;1998-12-06;139488;24;5812;;Beroun;central Bohemia;75232;41.7;8980;111;2818.5;2.08;;1969-09-04;M;False;10685.0;
246;10049;monthly issuance;70.0;23.0;0.0;0.0;15.0;21.0;36.0;;34.0;3045.66;17625.44;1997-03-28;91632;12;7636;;Pelhrimov;south Bohemia;74062;61.4;8114;119;1092.0;2.5;;1943-07-05;M;True;19625.0;
247;7240;monthly issuance;121.0;4.0;0.0;21.0;16.0;60.0;73.0;3.0;45.0;5783.19;28077.73;1998-01-15;152160;60;2536;;Pelhrimov;south Bohemia;74062;61.4;8114;119;1092.0;2.5;;1948-04-11;F;True;18176.0;
248;4467;weekly issuance;84.0;2.0;0.0;16.0;11.0;39.0;47.0;3.0;34.0;5841.6;28459.65;1998-08-03;86184;36;2394;;Pelhrimov;south Bohemia;74062;61.4;8114;119;1092.0;2.5;;1968-08-31;M;False;10929.0;
249;10065;monthly issuance;136.0;45.0;0.0;0.0;0.0;74.0;64.0;10.0;62.0;16591.6;72885.76;1997-09-23;311232;48;6484;;Sumperk;north Moravia;127369;51.2;8369;107;3271.5;5.305;;1946-08-27;F;False;18655.0;
250;5362;weekly issuance;74.0;5.0;0.0;12.0;15.0;31.0;42.0;4.0;28.0;8978.54;37200.4;1997-08-21;202848;48;4226;;Sumperk;north Moravia;127369;51.2;8369;107;3271.5;5.305;;1940-09-30;F;True;20779.0;
251;9673;monthly issuance;91.0;5.0;0.0;16.0;12.0;43.0;51.0;4.0;36.0;5375.57;37386.86;1998-09-12;88200;36;2450;;Sumperk;north Moravia;127369;51.2;8369;107;3271.5;5.305;;1944-12-03;M;True;19641.0;
252;10799;monthly issuance;50.0;17.0;0.0;0.0;0.0;23.0;23.0;;27.0;2532.05;28375.8;1998-07-11;31140;60;519;;Sumperk;north Moravia;127369;51.2;8369;107;3271.5;5.305;;1977-01-20;M;False;7842.0;
253;10650;monthly issuance;23.0;1.0;0.0;6.0;1.0;10.0;11.0;;12.0;23166.13;72465.67;1998-02-24;196224;48;4088;;Sumperk;north Moravia;127369;51.2;8369;107;3271.5;5.305;;1950-03-16;M;False;17512.0;
254;10345;monthly issuance;131.0;30.0;0.0;0.0;17.0;63.0;80.0;;51.0;3881.65;25084.42;1998-01-21;31260;12;2605;;Liberec;north Bohemia;159617;85.2;9198;131;5964.0;3.805;;1968-03-21;M;True;10898.0;
255;10711;monthly issuance;134.0;19.0;0.0;0.0;52.0;47.0;99.0;;35.0;5555.09;78724.21;1997-12-24;24180;60;403;;Liberec;north Bohemia;159617;85.2;9198;131;5964.0;3.805;;1938-10-19;M;False;21616.0;
256;110;monthly issuance;84.0;15.0;0.0;0.0;17.0;39.0;56.0;;28.0;7240.84;46148.3;1997-09-08;162576;36;4516;;Liberec;north Bohemia;159617;85.2;9198;131;5964.0;3.805;;1953-01-26;M;False;16296.0;
257;6950;monthly issuance;12.0;5.0;0.0;0.0;0.0;4.0;4.0;;8.0;13358.78;40812.49;1997-02-12;475680;48;9910;;Liberec;north Bohemia;159617;85.2;9198;131;5964.0;3.805;;1966-05-08;F;True;11238.0;
258;4052;weekly issuance;52.0;3.0;0.0;11.0;0.0;28.0;25.0;3.0;24.0;8468.1;36071.94;1997-12-28;106128;36;2948;;Liberec;north Bohemia;159617;85.2;9198;131;5964.0;3.805;;1978-12-21;M;False;6947.0;
259;8026;monthly issuance;18.0;7.0;0.0;0.0;0.0;6.0;6.0;;12.0;12119.61;47029.54;1997-09-09;128268;36;3563;;Liberec;north Bohemia;159617;85.2;9198;131;5964.0;3.805;;1942-12-08;M;False;19999.0;
260;1776;monthly issuance;54.0;12.0;0.0;0.0;5.0;28.0;33.0;;21.0;4853.06;36159.71;1998-05-27;43200;24;1800;;Liberec;north Bohemia;159617;85.2;9198;131;5964.0;3.805;;1949-05-16;F;False;17908.0;
261;10215;monthly issuance;63.0;12.0;0.0;0.0;12.0;30.0;42.0;;21.0;4556.83;42831.0;1997-02-20;44304;24;1846;;Louny;north Bohemia;85852;59.8;8965;104;2737.5;7.655;;1966-06-20;M;False;11203.0;
262;3143;monthly issuance;113.0;35.0;0.0;0.0;14.0;46.0;60.0;;53.0;3674.41;31685.1;1998-05-15;130896;24;5454;;Louny;north Bohemia;85852;59.8;8965;104;2737.5;7.655;;1954-06-15;F;True;16040.0;
263;6706;monthly issuance;132.0;21.0;0.0;0.0;42.0;51.0;93.0;;39.0;3912.84;44890.03;1998-07-12;64860;60;1081;;Louny;north Bohemia;85852;59.8;8965;104;2737.5;7.655;;1979-11-02;F;False;6827.0;
264;4354;monthly issuance;126.0;30.0;0.0;0.0;17.0;59.0;70.0;6.0;50.0;11424.46;49281.74;1998-10-30;327660;60;5461;;Louny;north Bohemia;85852;59.8;8965;104;2737.5;7.655;;1942-03-18;F;False;20680.0;
265;276;monthly issuance;59.0;1.0;0.0;12.0;7.0;27.0;33.0;1.0;25.0;11120.55;51649.4;1998-12-02;160920;36;4470;;Louny;north Bohemia;85852;59.8;8965;104;2737.5;7.655;classic;1971-10-19;M;False;9906.0;
266;2247;monthly issuance;99.0;16.0;0.0;0.0;36.0;37.0;71.0;2.0;26.0;7489.0;45374.64;1997-02-24;72504;24;3021;;Karlovy Vary;west Bohemia;122603;80.0;8991;128;5235.5;1.6999999999999997;;1950-06-26;F;False;17045.0;
267;6062;monthly issuance;140.0;4.0;0.0;20.0;16.0;81.0;83.0;14.0;43.0;11343.97;52905.41;1998-04-19;321360;60;5356;;Karlovy Vary;west Bohemia;122603;80.0;8991;128;5235.5;1.6999999999999997;;1975-01-24;M;False;8486.0;
268;7997;monthly issuance;146.0;36.0;0.0;0.0;0.0;89.0;79.0;10.0;57.0;12154.31;52422.49;1998-02-05;160656;24;6694;;Praha - vychod;central Bohemia;92084;46.7;10124;141;4063.0;0.55;;1970-12-10;F;False;9919.0;
269;1244;monthly issuance;59.0;16.0;0.0;0.0;18.0;17.0;35.0;;24.0;1997.51;22981.06;1997-02-28;35904;48;748;;Frydek - Mistek;north Moravia;228848;57.2;9893;96;5755.0;4.404999999999999;;1946-01-22;M;False;18665.0;
270;9263;monthly issuance;75.0;2.0;0.0;11.0;12.0;28.0;38.0;2.0;35.0;6148.31;30719.75;1997-05-08;39576;12;3298;;Frydek - Mistek;north Moravia;228848;57.2;9893;96;5755.0;4.404999999999999;;1964-07-29;F;True;11971.0;
271;378;monthly issuance;168.0;38.0;0.0;0.0;53.0;62.0;111.0;4.0;53.0;12591.52;79500.54;1997-10-11;230400;60;3840;;Frydek - Mistek;north Moravia;228848;57.2;9893;96;5755.0;4.404999999999999;;1961-07-24;M;False;13228.0;
272;7424;monthly issuance;164.0;36.0;0.0;0.0;43.0;70.0;107.0;6.0;51.0;12133.59;61588.34;1997-12-08;30276;12;2523;;Frydek - Mistek;north Moravia;228848;57.2;9893;96;5755.0;4.404999999999999;;1962-02-09;M;False;13086.0;
273;25;monthly issuance;164.0;36.0;0.0;0.0;43.0;70.0;107.0;6.0;51.0;12113.93;62991.26;1997-12-08;30276;12;2523;;Frydek - Mistek;north Moravia;228848;57.2;9893;96;5755.0;4.404999999999999;;1962-02-09;M;False;13086.0;
274;7632;monthly issuance;85.0;17.0;0.0;0.0;10.0;43.0;53.0;;32.0;8292.2;39297.34;1998-01-08;170448;48;3551;;Frydek - Mistek;north Moravia;228848;57.2;9893;96;5755.0;4.404999999999999;;1943-10-11;F;True;19813.0;
275;5133;weekly issuance;86.0;17.0;0.0;0.0;21.0;35.0;53.0;3.0;30.0;9409.7;46000.65;1998-01-27;57060;12;4755;;Frydek - Mistek;north Moravia;228848;57.2;9893;96;5755.0;4.404999999999999;;1943-03-09;M;False;20048.0;
276;4533;monthly issuance;51.0;19.0;0.0;0.0;3.0;22.0;21.0;4.0;26.0;18149.9;67815.17;1998-05-05;81144;36;2254;;Frydek - Mistek;north Moravia;228848;57.2;9893;96;5755.0;4.404999999999999;;1944-05-27;F;False;19701.0;
277;2910;monthly issuance;53.0;1.0;0.0;10.0;10.0;23.0;33.0;;20.0;17617.01;48935.44;1998-08-29;437460;60;7291;;Frydek - Mistek;north Moravia;228848;57.2;9893;96;5755.0;4.404999999999999;;1953-06-24;F;False;16502.0;
278;9494;monthly issuance;46.0;14.0;0.0;0.0;5.0;18.0;23.0;;23.0;5315.33;23391.69;1997-02-09;116832;12;9736;;Tabor;south Bohemia;103347;67.0;9104;123;2326.5;1.79;;1948-10-18;F;True;17646.0;
279;10361;monthly issuance;58.0;1.0;0.0;11.0;0.0;35.0;30.0;5.0;23.0;16724.93;56531.82;1997-06-02;86880;12;7240;;Tabor;south Bohemia;103347;67.0;9104;123;2326.5;1.79;classic;1940-05-25;F;False;20827.0;
280;105;monthly issuance;56.0;14.0;0.0;0.0;0.0;27.0;26.0;1.0;29.0;8582.46;30797.49;1998-12-05;352704;48;7348;;Tabor;south Bohemia;103347;67.0;9104;123;2326.5;1.79;classic;1950-12-27;F;False;17510.0;
281;785;weekly issuance;33.0;2.0;0.0;6.0;2.0;17.0;18.0;1.0;14.0;9528.36;51641.83;1998-02-12;156096;36;4336;;Tabor;south Bohemia;103347;67.0;9104;123;2326.5;1.79;;1952-08-03;M;False;16629.0;
282;6158;monthly issuance;15.0;6.0;0.0;0.0;0.0;5.0;5.0;;10.0;3079.33;23594.15;1997-02-08;247920;48;5165;;Bruntal;north Moravia;106054;63.1;8110;109;3161.5;6.16;;1957-04-16;F;False;14543.0;
283;8094;monthly issuance;20.0;1.0;0.0;5.0;1.0;8.0;9.0;;11.0;23042.38;60165.8;1997-05-09;220428;36;6123;;Bruntal;north Moravia;106054;63.1;8110;109;3161.5;6.16;;1962-06-07;M;False;12755.0;
284;4858;monthly issuance;88.0;1.0;0.0;13.0;0.0;50.0;42.0;8.0;38.0;13247.83;38710.01;1998-07-27;335184;48;6983;;Bruntal;north Moravia;106054;63.1;8110;109;3161.5;6.16;;1978-04-03;F;False;7420.0;
285;1270;issuance after transaction;71.0;4.0;0.0;13.0;8.0;33.0;40.0;1.0;30.0;4899.82;24872.14;1997-07-01;74772;36;2077;;Brno - venkov;south Moravia;157042;33.9;8743;111;3776.5;2.1550000000000002;;1960-12-22;M;False;13340.0;
286;1819;weekly issuance;72.0;13.0;0.0;0.0;22.0;23.0;44.0;1.0;27.0;5917.83;28370.44;1998-01-11;143676;36;3991;;Brno - venkov;south Moravia;157042;33.9;8743;111;3776.5;2.1550000000000002;;1952-12-12;M;False;16466.0;
287;1284;monthly issuance;87.0;25.0;0.0;0.0;0.0;49.0;42.0;7.0;38.0;12491.75;59684.3;1998-12-05;52512;12;4376;;Brno - venkov;south Moravia;157042;33.9;8743;111;3776.5;2.1550000000000002;;1944-12-15;M;False;19713.0;
288;7052;issuance after transaction;11.0;2.0;0.0;4.0;0.0;2.0;2.0;;9.0;4859.33;21532.35;1997-11-09;63972;36;1777;;Brno - venkov;south Moravia;157042;33.9;8743;111;3776.5;2.1550000000000002;;1947-05-24;M;False;18432.0;
289;10613;monthly issuance;45.0;2.0;0.0;10.0;0.0;24.0;21.0;3.0;21.0;14423.17;58128.03;1998-08-15;249792;48;5204;;Brno - venkov;south Moravia;157042;33.9;8743;111;3776.5;2.1550000000000002;;1965-01-13;M;False;12267.0;
290;6699;monthly issuance;95.0;11.0;0.0;15.0;21.0;34.0;55.0;;40.0;5931.77;28863.03;1997-09-24;127200;48;2650;;Jablonec n. Nisou;north Bohemia;88768;80.5;8867;130;3502.0;1.115;;1965-04-06;M;False;11859.0;
291;8158;weekly issuance;106.0;2.0;0.0;16.0;23.0;49.0;72.0;;34.0;12167.43;65133.54;1997-11-01;238716;36;6631;;Rychnov nad Kneznou;east Bohemia;78955;59.0;9060;124;1686.0;2.11;;1964-07-01;M;False;12176.0;
292;3161;monthly issuance;103.0;26.0;0.0;0.0;0.0;56.0;51.0;5.0;47.0;9241.0;46609.35;1998-06-16;30012;12;2501;;Rychnov nad Kneznou;east Bohemia;78955;59.0;9060;124;1686.0;2.11;;1953-11-26;M;False;16273.0;
293;7181;issuance after transaction;215.0;36.0;0.0;0.0;84.0;73.0;154.0;3.0;58.0;6030.32;50265.36;1998-05-17;49872;12;4156;;Vsetin;north Moravia;148545;53.5;8909;113;3525.0;4.785;;1967-02-12;F;False;11417.0;
294;4631;issuance after transaction;57.0;2.0;0.0;12.0;0.0;32.0;29.0;3.0;25.0;8868.6;42728.93;1997-12-13;87528;24;3647;;Vsetin;north Moravia;148545;53.5;8909;113;3525.0;4.785;;1951-02-16;M;True;17102.0;
295;4268;monthly issuance;129.0;35.0;0.0;0.0;15.0;59.0;74.0;;55.0;4462.62;37122.4;1998-11-04;41988;12;3499;;Vsetin;north Moravia;148545;53.5;8909;113;3525.0;4.785;;1973-03-09;M;True;9371.0;
296;1480;weekly issuance;90.0;26.0;2.0;0.0;0.0;48.0;48.0;2.0;40.0;13272.66;55026.62;1998-01-19;123300;36;3425;;Usti nad Labem;north Bohemia;118650;85.6;9832;114;5958.0;3.9000000000000004;classic;1945-03-17;F;False;19301.0;
297;5269;monthly issuance;43.0;10.0;0.0;0.0;4.0;22.0;26.0;;17.0;6893.94;40841.8;1997-02-02;117420;60;1957;;Semily;east Bohemia;75685;60.8;8208;155;1891.5;2.0749999999999997;;1966-02-21;M;False;11304.0;
298;2445;monthly issuance;97.0;26.0;0.0;0.0;0.0;55.0;49.0;6.0;42.0;12127.34;49740.62;1997-12-26;293160;60;4886;;Usti nad Orlici;east Bohemia;139012;61.9;8363;108;2681.5;3.005;;1978-01-17;F;False;7283.0;
299;2134;monthly issuance;41.0;10.0;0.0;0.0;8.0;16.0;24.0;;17.0;4503.65;42536.89;1997-03-17;22932;36;637;;Usti nad Orlici;east Bohemia;139012;61.9;8363;108;2681.5;3.005;;1953-11-19;F;False;15824.0;
300;1068;monthly issuance;134.0;24.0;0.0;0.0;45.0;47.0;88.0;4.0;42.0;5916.7;34086.21;1998-09-24;253200;60;4220;;Usti nad Orlici;east Bohemia;139012;61.9;8363;108;2681.5;3.005;;1936-11-27;M;False;22581.0;
301;2725;monthly issuance;145.0;22.0;6.0;0.0;44.0;54.0;104.0;;41.0;5552.08;49145.71;1998-11-08;69624;36;1934;;Usti nad Orlici;east Bohemia;139012;61.9;8363;108;2681.5;3.005;classic;1947-01-23;M;False;18917.0;
302;2728;weekly issuance;63.0;14.0;0.0;0.0;7.0;31.0;36.0;2.0;25.0;10600.5;49909.16;1998-06-15;156420;60;2607;;Usti nad Orlici;east Bohemia;139012;61.9;8363;108;2681.5;3.005;;1957-03-08;M;False;15074.0;
303;3906;monthly issuance;35.0;1.0;0.0;8.0;0.0;18.0;16.0;2.0;17.0;15017.23;64863.95;1998-03-08;334620;60;5577;;Usti nad Orlici;east Bohemia;139012;61.9;8363;108;2681.5;3.005;;1961-05-09;F;True;13452.0;
304;303;monthly issuance;129.0;26.0;0.0;0.0;18.0;64.0;82.0;;47.0;5585.44;44659.65;1998-05-30;112752;36;3132;;Novy Jicin;north Moravia;161227;69.7;8678;102;4787.5;5.75;;1956-01-05;F;False;15486.0;
305;176;weekly issuance;75.0;19.0;0.0;0.0;15.0;33.0;45.0;3.0;27.0;11800.31;48780.1;1997-04-10;27456;12;2288;;Novy Jicin;north Moravia;161227;69.7;8678;102;4787.5;5.75;;1967-09-24;M;False;10791.0;
306;7156;monthly issuance;32.0;3.0;0.0;8.0;0.0;14.0;12.0;2.0;18.0;9749.87;50541.55;1998-04-16;49488;24;2062;;Novy Jicin;north Moravia;161227;69.7;8678;102;4787.5;5.75;classic;1941-11-12;F;False;20609.0;
307;1718;monthly issuance;55.0;1.0;0.0;11.0;6.0;27.0;33.0;;22.0;17945.66;61146.52;1998-08-20;172272;24;7178;;Novy Jicin;north Moravia;161227;69.7;8678;102;4787.5;5.75;;1943-03-12;M;False;20250.0;
308;11027;weekly issuance;83.0;6.0;0.0;15.0;10.0;38.0;44.0;4.0;35.0;4930.71;33044.02;1997-10-23;48096;24;2004;;Ceska Lipa;north Bohemia;105058;81.0;9272;118;4422.5;3.01;;1958-07-19;M;False;14341.0;
309;10905;monthly issuance;49.0;12.0;0.0;0.0;10.0;19.0;29.0;;20.0;3322.63;41985.62;1997-08-23;57120;48;1190;;Ceska Lipa;north Bohemia;105058;81.0;9272;118;4422.5;3.01;;1958-08-13;M;False;14255.0;
310;9140;monthly issuance;121.0;19.0;0.0;0.0;31.0;43.0;74.0;;47.0;3563.79;23124.21;1998-11-10;16032;48;334;;Ceska Lipa;north Bohemia;105058;81.0;9272;118;4422.5;3.01;;1965-12-08;F;False;12025.0;
311;10954;monthly issuance;42.0;10.0;0.0;0.0;0.0;24.0;24.0;;18.0;4589.17;40748.35;1997-04-02;18720;60;312;;Klatovy;west Bohemia;88757;61.7;8554;113;2020.0;2.575;;1960-10-31;M;True;13302.0;
312;10915;weekly issuance;118.0;6.0;0.0;15.0;44.0;38.0;81.0;1.0;36.0;4535.12;20874.12;1998-06-11;152460;60;2541;;Klatovy;west Bohemia;88757;61.7;8554;113;2020.0;2.575;;1951-11-17;F;False;17008.0;
313;2350;monthly issuance;28.0;10.0;0.0;0.0;3.0;10.0;13.0;;15.0;14081.53;56388.81;1997-05-11;159744;48;3328;;Pisek;south Bohemia;70699;65.3;8968;131;1825.0;3.09;;1973-04-10;F;False;8797.0;
314;9156;monthly issuance;66.0;11.0;0.0;0.0;0.0;32.0;28.0;4.0;34.0;8457.22;29463.69;1998-12-01;163332;36;4537;;Pisek;south Bohemia;70699;65.3;8968;131;1825.0;3.09;;1937-12-08;M;False;22273.0;
315;9491;weekly issuance;181.0;1.0;2.0;23.0;55.0;78.0;129.0;6.0;46.0;11636.81;57411.61;1998-06-25;225504;48;4698;;Melnik;central Bohemia;94725;63.4;9920;130;4567.5;2.565;junior;1980-01-28;M;False;6723.0;
316;7180;weekly issuance;102.0;9.0;0.0;17.0;13.0;47.0;52.0;8.0;42.0;8674.16;40126.97;1998-11-17;99744;24;4156;;Melnik;central Bohemia;94725;63.4;9920;130;4567.5;2.565;;1971-08-28;F;False;9943.0;
317;6505;monthly issuance;36.0;9.0;0.0;0.0;0.0;14.0;14.0;;22.0;7807.83;42732.34;1998-10-08;38496;12;3208;;Melnik;central Bohemia;94725;63.4;9920;130;4567.5;2.565;classic;1964-01-30;F;False;12670.0;
318;11327;monthly issuance;54.0;13.0;0.0;0.0;6.0;25.0;31.0;;23.0;7977.97;55438.85;1998-09-27;39168;24;1632;;Melnik;central Bohemia;94725;63.4;9920;130;4567.5;2.565;;1979-02-22;F;False;7157.0;
319;7637;monthly issuance;16.0;6.0;0.0;0.0;0.0;6.0;6.0;;10.0;13992.38;44346.16;1997-01-29;390096;48;8127;;Nachod;east Bohemia;112709;73.5;8369;117;2736.0;2.05;;1978-09-26;M;True;6700.0;
320;339;weekly issuance;112.0;1.0;0.0;16.0;22.0;58.0;72.0;8.0;32.0;13857.61;59623.22;1997-12-25;468060;60;7801;;Nachod;east Bohemia;112709;73.5;8369;117;2736.0;2.05;;1947-10-19;F;True;18330.0;
321;10774;monthly issuance;51.0;19.0;0.0;0.0;6.0;17.0;23.0;;28.0;3591.37;28634.14;1998-04-23;339168;48;7066;;Nachod;east Bohemia;112709;73.5;8369;117;2736.0;2.05;;1942-01-13;F;False;20554.0;
322;4784;monthly issuance;11.0;1.0;0.0;4.0;0.0;3.0;3.0;;8.0;14574.89;44366.05;1997-11-24;219456;48;4572;;Nachod;east Bohemia;112709;73.5;8369;117;2736.0;2.05;;1960-01-15;F;True;13828.0;
323;8639;monthly issuance;55.0;3.0;0.0;9.0;0.0;25.0;21.0;4.0;30.0;6177.99;29159.44;1998-06-06;185640;60;3094;;Nachod;east Bohemia;112709;73.5;8369;117;2736.0;2.05;;1962-07-16;F;False;13109.0;
324;4969;weekly issuance;16.0;9.0;0.0;0.0;1.0;3.0;4.0;;12.0;14390.51;50892.0;1997-03-06;150180;60;2503;;Prostejov;south Moravia;110643;51.9;8441;115;2065.5;3.9650000000000003;;1937-05-01;M;False;21859.0;
325;6902;monthly issuance;81.0;16.0;0.0;0.0;20.0;32.0;52.0;;29.0;3852.47;35987.26;1997-12-21;49320;36;1370;;Prostejov;south Moravia;110643;51.9;8441;115;2065.5;3.9650000000000003;;1966-02-01;M;False;11646.0;
326;8645;monthly issuance;120.0;20.0;0.0;0.0;13.0;53.0;66.0;;54.0;5047.06;26268.19;1998-12-08;240900;60;4015;;Prostejov;south Moravia;110643;51.9;8441;115;2065.5;3.9650000000000003;;1949-08-25;F;False;18002.0;
327;7636;monthly issuance;132.0;29.0;0.0;0.0;26.0;62.0;81.0;7.0;44.0;8414.38;48865.98;1998-01-26;42384;12;3532;;Teplice;north Bohemia;128118;85.3;9317;97;6910.5;6.78;;1941-12-07;F;False;20504.0;
328;472;monthly issuance;23.0;1.0;0.0;6.0;0.0;11.0;11.0;;12.0;26260.67;58669.5;1997-04-28;196800;24;8200;;Mlada Boleslav;central Bohemia;112065;69.4;11277;127;5083.0;1.345;;1960-07-19;F;False;13432.0;
329;9677;monthly issuance;37.0;10.0;0.0;0.0;4.0;16.0;20.0;;17.0;6230.26;27522.88;1997-06-17;31620;60;527;;Mlada Boleslav;central Bohemia;112065;69.4;11277;127;5083.0;1.345;;1939-10-24;M;False;21056.0;
330;4715;monthly issuance;16.0;1.0;0.0;5.0;0.0;6.0;5.0;1.0;10.0;25922.22;66376.85;1997-03-14;97176;24;4049;;Mlada Boleslav;central Bohemia;112065;69.4;11277;127;5083.0;1.345;;1955-03-02;F;False;15353.0;
331;3916;monthly issuance;55.0;2.0;0.0;10.0;17.0;17.0;34.0;;21.0;6375.07;21298.78;1998-07-12;96984;36;2694;;Mlada Boleslav;central Bohemia;112065;69.4;11277;127;5083.0;1.345;;1972-01-28;M;False;9662.0;
332;2988;issuance after transaction;134.0;41.0;0.0;0.0;0.0;72.0;68.0;4.0;62.0;11850.01;51249.13;1998-07-08;88608;12;7384;;Zdar nad Sazavou;south Moravia;125832;48.3;8512;102;2175.0;3.815;;1947-12-09;M;True;18474.0;
333;8688;monthly issuance;14.0;5.0;0.0;0.0;0.0;3.0;3.0;;11.0;7479.0;34806.92;1997-03-20;67980;12;5665;;Zdar nad Sazavou;south Moravia;125832;48.3;8512;102;2175.0;3.815;;1946-03-31;F;False;18617.0;
334;4949;monthly issuance;45.0;1.0;0.0;10.0;0.0;25.0;25.0;;20.0;16606.83;58959.28;1997-08-30;289920;48;6040;;Decin;north Bohemia;133777;84.7;8705;116;4754.5;6.68;;1944-01-27;F;False;19574.0;
335;11244;monthly issuance;83.0;27.0;0.0;0.0;7.0;39.0;40.0;6.0;37.0;13533.99;51964.02;1997-12-11;155760;24;6490;;Decin;north Bohemia;133777;84.7;8705;116;4754.5;6.68;;1948-07-31;F;False;18030.0;
336;2413;monthly issuance;58.0;15.0;0.0;0.0;7.0;25.0;32.0;;26.0;6297.55;28597.89;1998-10-06;17952;12;1496;;Decin;north Bohemia;133777;84.7;8705;116;4754.5;6.68;;1954-02-22;F;False;16297.0;
337;5317;monthly issuance;13.0;2.0;0.0;4.0;0.0;3.0;3.0;;10.0;8520.46;31516.35;1997-03-07;90180;36;2505;;Plzen - sever;west Bohemia;72541;36.9;8594;112;1552.5;1.815;;1960-09-23;M;False;13314.0;
338;11096;monthly issuance;22.0;8.0;0.0;0.0;1.0;8.0;9.0;;13.0;12757.63;37524.89;1997-06-09;213300;60;3555;;Plzen - sever;west Bohemia;72541;36.9;8594;112;1552.5;1.815;;1955-06-09;F;False;15341.0;
339;9179;monthly issuance;82.0;1.0;0.0;13.0;0.0;44.0;39.0;5.0;38.0;6970.06;37189.77;1998-02-28;215040;60;3584;;Plzen - sever;west Bohemia;72541;36.9;8594;112;1552.5;1.815;;1960-10-20;F;False;13645.0;
340;1808;monthly issuance;78.0;24.0;0.0;0.0;0.0;42.0;39.0;3.0;36.0;12108.6;69656.37;1998-09-30;385584;48;8033;;Plzen - sever;west Bohemia;72541;36.9;8594;112;1552.5;1.815;;1974-10-22;M;True;8744.0;
341;2279;weekly issuance;107.0;2.0;1.0;19.0;0.0;66.0;52.0;15.0;40.0;14847.73;53094.36;1998-06-01;314688;48;6556;;Benesov;central Bohemia;88884;46.7;8507;132;2416.5;1.76;classic;1974-01-26;M;False;8892.0;
342;7745;monthly issuance;64.0;15.0;0.0;0.0;8.0;30.0;35.0;3.0;26.0;10814.93;37934.87;1997-12-20;77544;36;2154;;Benesov;central Bohemia;88884;46.7;8507;132;2416.5;1.76;;1942-04-14;F;False;20339.0;
343;10645;monthly issuance;124.0;1.0;0.0;18.0;14.0;73.0;83.0;4.0;37.0;15349.25;64087.07;1998-07-05;208332;36;5787;;Benesov;central Bohemia;88884;46.7;8507;132;2416.5;1.76;;1980-04-18;F;False;6652.0;
344;2720;weekly issuance;91.0;27.0;0.0;0.0;18.0;36.0;54.0;;37.0;14420.75;69554.29;1998-04-27;93888;36;2608;;Benesov;central Bohemia;88884;46.7;8507;132;2416.5;1.76;;1936-07-02;M;True;22579.0;
345;3137;monthly issuance;108.0;2.0;0.0;21.0;0.0;65.0;62.0;3.0;43.0;10335.43;39822.71;1998-09-21;253560;60;4226;;Most;north Bohemia;119895;89.9;10446;90;4845.0;8.370000000000001;;1951-06-20;F;False;17260.0;
346;3390;weekly issuance;118.0;2.0;0.0;15.0;41.0;46.0;84.0;3.0;31.0;5188.52;48478.59;1998-03-11;40632;12;3386;;Pribram;central Bohemia;107870;58.0;8754;137;3836.0;4.07;;1945-05-03;F;False;19305.0;
347;10493;monthly issuance;93.0;20.0;0.0;0.0;18.0;42.0;54.0;6.0;33.0;9527.58;45733.44;1998-02-18;133800;24;5575;;Pribram;central Bohemia;107870;58.0;8754;137;3836.0;4.07;;1941-03-12;M;False;20797.0;
348;4550;monthly issuance;74.0;13.0;0.0;0.0;21.0;29.0;50.0;;24.0;2586.2;23137.19;1998-01-03;61320;60;1022;;Breclav;south Moravia;124605;46.0;8772;126;3006.0;4.835000000000001;;1947-09-17;F;False;18371.0;
349;9167;monthly issuance;80.0;18.0;0.0;0.0;16.0;26.0;37.0;5.0;38.0;7196.52;39041.92;1998-03-07;272220;60;4537;;Breclav;south Moravia;124605;46.0;8772;126;3006.0;4.835000000000001;;1940-11-27;F;False;20919.0;
350;7559;monthly issuance;78.0;22.0;0.0;0.0;9.0;34.0;43.0;;35.0;2558.96;28534.94;1998-07-11;12792;12;1066;;Breclav;south Moravia;124605;46.0;8772;126;3006.0;4.835000000000001;;1973-07-19;F;False;9123.0;
351;1318;monthly issuance;35.0;11.0;0.0;0.0;7.0;10.0;15.0;2.0;18.0;7575.05;27729.92;1998-10-11;185544;36;5154;;Breclav;south Moravia;124605;46.0;8772;126;3006.0;4.835000000000001;;1939-09-29;M;False;21562.0;
352;1447;monthly issuance;10.0;2.0;0.0;3.0;0.0;2.0;2.0;;8.0;5374.27;22604.34;1997-06-03;100080;48;2085;;Znojmo;south Moravia;114200;43.7;8403;105;2437.5;5.73;;1965-08-18;F;False;11612.0;
353;37;monthly issuance;116.0;18.0;0.0;0.0;36.0;48.0;82.0;2.0;32.0;7572.0;39953.97;1998-10-14;318480;60;5308;;Strakonice;south Bohemia;70646;58.4;8547;120;1552.5;3.145;;1952-08-26;M;False;16850.0;
