;frequency;date;# trans;oper #1;oper #2;oper #3;oper #4;oper #5;type #1;type #2;type #3;avg trans amount;avg trans balance;loan date;loan amount;loan duration (mths);loan payments;loan status;district_region;no. of inhabitants;no. of municipalities with inhabitants < 499 ;no. of municipalities with inhabitants 500-1999;no. of municipalities with inhabitants 2000-9999 ;no. of municipalities with inhabitants >10000 ;no. of cities ;ratio of urban inhabitants ;average salary ;unemploymant rate '95 ;unemploymant rate '96 ;no. of enterpreneurs per 1000 inhabitants ;no. of commited crimes '95 ;no. of commited crimes '96 ;card type;issued;birthdate;sex;has disponent
0;monthly issuance;1993-01-13;53.0;1.0;0.0;11.0;0.0;31.0;28.0;3.0;22.0;17600.36;69954.57;1993-11-22;79608;24;3317;1;east Bohemia;105606;77;26;7;2;7;53.0;8254;2.79;3.76;97;2166;2325;;;1970-04-28;M;False
1;weekly issuance;1993-05-21;56.0;3.0;0.0;10.0;6.0;27.0;32.0;1.0;23.0;5778.79;29069.12;1994-04-07;149340;60;2489;1;east Bohemia;105606;77;26;7;2;7;53.0;8254;2.79;3.76;97;2166;2325;;;1963-02-01;M;False
2;weekly issuance;1993-07-07;60.0;2.0;0.0;10.0;0.0;38.0;33.0;5.0;22.0;13255.8;55570.3;1994-06-05;77640;12;6470;1;east Bohemia;105606;77;26;7;2;7;53.0;8254;2.79;3.76;97;2166;2325;;;1967-07-10;M;False
3;monthly issuance;1994-05-26;117.0;26.0;0.0;0.0;0.0;71.0;70.0;1.0;46.0;10720.31;46487.0;1996-04-18;277884;36;7719;-1;east Bohemia;105606;77;26;7;2;7;53.0;8254;2.79;3.76;97;2166;2325;;;1980-09-17;F;False
4;weekly issuance;1994-06-05;130.0;40.0;0.0;0.0;12.0;62.0;72.0;2.0;56.0;15168.36;63527.42;1995-10-02;314520;60;5242;1;east Bohemia;105606;77;26;7;2;7;53.0;8254;2.79;3.76;97;2166;2325;;;1955-11-18;F;False
5;monthly issuance;1993-01-14;43.0;14.0;0.0;0.0;8.0;14.0;22.0;0.0;21.0;3714.9;22198.18;1993-09-15;52788;12;4399;1;south Bohemia;58796;22;16;7;1;5;51.9;9045;3.13;3.6;124;1845;1879;;;1973-02-16;M;False
6;monthly issuance;1993-11-26;33.0;3.0;0.0;6.0;0.0;12.0;11.0;1.0;21.0;4041.38;28362.25;1994-06-06;87216;48;1817;-1;south Bohemia;58796;22;16;7;1;5;51.9;9045;3.13;3.6;124;1845;1879;;;1964-05-13;M;False
7;monthly issuance;1994-06-04;78.0;5.0;0.0;15.0;0.0;44.0;38.0;6.0;34.0;4644.44;30812.95;1995-08-18;21396;12;1783;1;south Bohemia;58796;22;16;7;1;5;51.9;9045;3.13;3.6;124;1845;1879;;;1968-09-09;M;True
8;monthly issuance;1996-02-27;39.0;13.0;0.0;0.0;4.0;17.0;16.0;5.0;18.0;15332.39;53505.22;1996-08-09;44376;12;3698;1;south Bohemia;58796;22;16;7;1;5;51.9;9045;3.13;3.6;124;1845;1879;;;1962-05-23;M;False
9;monthly issuance;1993-01-17;45.0;12.0;0.0;0.0;5.0;19.0;24.0;0.0;21.0;5957.54;34272.21;1993-11-10;21924;36;609;1;south Moravia;157042;49;70;18;0;9;33.9;8743;1.88;2.43;111;3659;3894;;;1960-08-20;M;True
10;monthly issuance;1993-04-28;93.0;24.0;0.0;0.0;0.0;54.0;47.0;7.0;39.0;13230.34;54422.6;1994-08-27;121896;24;5079;1;south Moravia;157042;49;70;18;0;9;33.9;8743;1.88;2.43;111;3659;3894;;;1965-03-07;M;False
11;monthly issuance;1993-07-01;102.0;16.0;0.0;0.0;33.0;40.0;73.0;0.0;29.0;4093.04;32788.14;1994-08-04;14628;12;1219;1;south Moravia;157042;49;70;18;0;9;33.9;8743;1.88;2.43;111;3659;3894;;;1949-03-08;F;False
12;monthly issuance;1993-11-08;43.0;12.0;0.0;0.0;4.0;19.0;22.0;1.0;20.0;10433.44;47991.53;1994-09-30;71460;12;5955;1;south Moravia;157042;49;70;18;0;9;33.9;8743;1.88;2.43;111;3659;3894;;;1945-08-03;M;True
13;issuance after transaction;1995-10-24;34.0;8.0;4.0;0.0;0.0;9.0;13.0;0.0;21.0;8159.97;43196.74;1996-12-05;417600;60;6960;1;south Moravia;157042;49;70;18;0;9;33.9;8743;1.88;2.43;111;3659;3894;gold;1996-07-17;1970-10-12;M;False
14;monthly issuance;1993-01-19;171.0;29.0;0.0;0.0;61.0;62.0;123.0;0.0;48.0;3618.33;23771.97;1994-09-28;23052;12;1921;1;south Moravia;387570;0;0;0;1;1;100.0;9897;1.60;1.96;140;18721;18696;;;1940-11-01;F;True
15;monthly issuance;1993-01-25;82.0;1.0;0.0;15.0;0.0;52.0;48.0;4.0;30.0;11972.68;47426.55;1994-04-18;65184;12;5432;1;south Moravia;387570;0;0;0;1;1;100.0;9897;1.60;1.96;140;18721;18696;;;1957-09-29;M;False
16;monthly issuance;1993-05-11;64.0;16.0;0.0;0.0;0.0;35.0;34.0;1.0;29.0;9442.16;36369.98;1994-07-24;208128;48;4336;-1;south Moravia;387570;0;0;0;1;1;100.0;9897;1.60;1.96;140;18721;18696;;;1951-08-06;M;False
17;monthly issuance;1993-06-10;23.0;6.0;0.0;0.0;0.0;8.0;8.0;0.0;15.0;13406.74;50009.91;1993-12-23;75624;24;3151;-1;south Moravia;387570;0;0;0;1;1;100.0;9897;1.60;1.96;140;18721;18696;;;1958-12-07;M;False
18;monthly issuance;1993-12-01;70.0;15.0;0.0;0.0;9.0;34.0;43.0;0.0;27.0;5261.05;35614.74;1994-12-21;100980;60;1683;1;south Moravia;387570;0;0;0;1;1;100.0;9897;1.60;1.96;140;18721;18696;;;1965-07-31;M;False
19;issuance after transaction;1994-12-01;72.0;2.0;0.0;12.0;16.0;31.0;43.0;4.0;25.0;6453.25;36840.57;1995-11-22;113796;36;3161;1;south Moravia;387570;0;0;0;1;1;100.0;9897;1.60;1.96;140;18721;18696;;;1971-10-09;M;True
20;monthly issuance;1995-01-11;68.0;16.0;0.0;0.0;9.0;31.0;40.0;0.0;28.0;3856.6;20158.0;1996-02-20;56100;60;935;1;south Moravia;387570;0;0;0;1;1;100.0;9897;1.60;1.96;140;18721;18696;;;1958-07-07;M;False
21;monthly issuance;1995-08-03;77.0;18.0;0.0;0.0;23.0;25.0;48.0;0.0;29.0;2434.24;27533.66;1996-07-25;11400;12;950;1;south Moravia;387570;0;0;0;1;1;100.0;9897;1.60;1.96;140;18721;18696;;;1980-04-30;F;False
22;monthly issuance;1996-01-22;52.0;12.0;0.0;0.0;6.0;25.0;31.0;0.0;21.0;8935.78;44093.97;1996-11-28;179328;48;3736;1;south Moravia;387570;0;0;0;1;1;100.0;9897;1.60;1.96;140;18721;18696;;;1973-11-21;M;False
23;monthly issuance;1993-01-24;143.0;26.0;0.0;0.0;30.0;50.0;76.0;4.0;63.0;6720.9;36080.39;1994-09-19;41904;12;3492;1;north Moravia;228848;15;40;18;2;6;57.2;9893;4.09;4.72;96;5623;5887;;;1974-07-08;M;False
24;weekly issuance;1993-05-10;41.0;13.0;0.0;0.0;0.0;20.0;17.0;3.0;21.0;11912.36;47302.55;1994-01-20;253200;60;4220;1;north Moravia;228848;15;40;18;2;6;57.2;9893;4.09;4.72;96;5623;5887;;;1950-03-13;F;False
25;monthly issuance;1993-07-11;17.0;1.0;0.0;5.0;1.0;6.0;7.0;0.0;10.0;13038.09;45198.15;1993-12-13;259740;60;4329;1;north Moravia;228848;15;40;18;2;6;57.2;9893;4.09;4.72;96;5623;5887;;;1979-03-16;M;False
26;monthly issuance;1993-09-12;143.0;2.0;0.0;17.0;26.0;64.0;82.0;8.0;53.0;9877.5;62933.47;1995-03-11;76680;24;3195;1;north Moravia;228848;15;40;18;2;6;57.2;9893;4.09;4.72;96;5623;5887;;;1949-01-07;M;True
27;monthly issuance;1994-10-30;14.0;4.0;0.0;0.0;0.0;5.0;5.0;0.0;9.0;7253.3;31793.74;1995-04-15;68400;12;5700;-1;north Moravia;228848;15;40;18;2;6;57.2;9893;4.09;4.72;96;5623;5887;;;1976-06-09;F;False
28;monthly issuance;1994-12-09;52.0;14.0;0.0;0.0;6.0;22.0;28.0;0.0;24.0;4348.37;27019.57;1995-11-04;99336;24;4139;1;north Moravia;228848;15;40;18;2;6;57.2;9893;4.09;4.72;96;5623;5887;;;1980-07-09;F;False
29;monthly issuance;1996-03-14;10.0;4.0;0.0;0.0;0.0;3.0;3.0;0.0;7.0;8963.98;32592.68;1996-07-06;141948;36;3943;1;north Moravia;228848;15;40;18;2;6;57.2;9893;4.09;4.72;96;5623;5887;;;1950-09-26;F;False
30;monthly issuance;1993-01-26;102.0;26.0;0.0;0.0;0.0;60.0;52.0;8.0;42.0;12928.5;52890.4;1994-05-26;76908;12;6409;-1;central Bohemia;107870;84;29;6;1;6;58.0;8754;3.83;4.31;137;3804;3868;;;1946-01-19;F;False
31;monthly issuance;1993-01-30;25.0;2.0;0.0;6.0;2.0;10.0;12.0;0.0;13.0;8253.08;41297.48;1993-08-03;105804;36;2939;1;central Bohemia;107870;84;29;6;1;6;58.0;8754;3.83;4.31;137;3804;3868;;;1940-04-20;F;False
32;monthly issuance;1993-02-20;139.0;30.0;0.0;0.0;32.0;60.0;83.0;9.0;47.0;9194.26;49727.46;1994-07-23;143904;24;5996;1;central Bohemia;107870;84;29;6;1;6;58.0;8754;3.83;4.31;137;3804;3868;;;1951-04-10;M;False
33;monthly issuance;1993-08-21;119.0;22.0;0.0;0.0;28.0;51.0;79.0;0.0;40.0;7321.52;36942.0;1995-03-15;331560;60;5526;1;central Bohemia;107870;84;29;6;1;6;58.0;8754;3.83;4.31;137;3804;3868;;;1980-11-23;M;True
34;monthly issuance;1994-11-24;143.0;2.0;0.0;22.0;18.0;79.0;88.0;9.0;46.0;12882.52;57131.74;1996-10-02;392460;60;6541;1;central Bohemia;107870;84;29;6;1;6;58.0;8754;3.83;4.31;137;3804;3868;;;1980-11-13;F;True
35;weekly issuance;1995-04-09;122.0;24.0;0.0;0.0;33.0;50.0;83.0;0.0;39.0;9023.63;54371.3;1996-09-19;74124;36;2059;1;central Bohemia;107870;84;29;6;1;6;58.0;8754;3.83;4.31;137;3804;3868;;;1939-04-13;F;False
36;monthly issuance;1993-02-04;115.0;21.0;0.0;0.0;23.0;39.0;62.0;0.0;53.0;8275.28;48944.83;1994-07-11;39576;12;3298;1;Prague;1204953;0;0;0;1;1;100.0;12541;0.29;0.43;167;85677;99107;;;1980-05-02;F;False
37;weekly issuance;1993-02-07;85.0;3.0;0.0;15.0;0.0;52.0;46.0;6.0;33.0;9434.44;43944.89;1994-06-01;208320;48;4340;1;Prague;1204953;0;0;0;1;1;100.0;12541;0.29;0.43;167;85677;99107;;;1968-04-14;F;True
38;weekly issuance;1993-02-14;27.0;1.0;0.0;6.0;3.0;11.0;14.0;0.0;13.0;18945.97;57188.21;1993-09-06;274740;60;4579;1;Prague;1204953;0;0;0;1;1;100.0;12541;0.29;0.43;167;85677;99107;;;1978-09-07;M;False
39;monthly issuance;1993-02-26;54.0;2.0;0.0;10.0;5.0;27.0;29.0;3.0;22.0;7954.26;32590.62;1994-01-05;80952;24;3373;1;Prague;1204953;0;0;0;1;1;100.0;12541;0.29;0.43;167;85677;99107;;;1945-02-04;M;True
40;monthly issuance;1993-02-26;54.0;2.0;0.0;10.0;5.0;27.0;29.0;3.0;22.0;7937.75;33312.54;1994-01-05;80952;24;3373;1;Prague;1204953;0;0;0;1;1;100.0;12541;0.29;0.43;167;85677;99107;;;1945-02-04;M;True
41;monthly issuance;1993-02-27;73.0;21.0;0.0;0.0;0.0;42.0;33.0;9.0;31.0;16201.56;55582.23;1994-01-10;24516;12;2043;1;Prague;1204953;0;0;0;1;1;100.0;12541;0.29;0.43;167;85677;99107;;;1958-10-07;M;False
42;monthly issuance;1993-03-13;153.0;13.0;0.0;22.0;36.0;60.0;89.0;7.0;57.0;6527.34;31375.16;1995-01-11;76416;24;3184;1;Prague;1204953;0;0;0;1;1;100.0;12541;0.29;0.43;167;85677;99107;;;1937-09-02;M;True
43;monthly issuance;1993-03-24;139.0;38.0;0.0;0.0;0.0;79.0;79.0;0.0;60.0;3872.07;18632.93;1995-02-05;316140;60;5269;-1;Prague;1204953;0;0;0;1;1;100.0;12541;0.29;0.43;167;85677;99107;;;1968-02-22;M;False
44;weekly issuance;1993-03-27;96.0;21.0;0.0;0.0;12.0;48.0;56.0;4.0;36.0;9301.09;40838.76;1994-08-05;120888;36;3358;1;Prague;1204953;0;0;0;1;1;100.0;12541;0.29;0.43;167;85677;99107;;;1944-04-20;F;False
45;monthly issuance;1993-04-22;133.0;19.0;0.0;0.0;38.0;59.0;97.0;0.0;36.0;6032.84;42224.44;1994-10-02;11736;24;489;1;Prague;1204953;0;0;0;1;1;100.0;12541;0.29;0.43;167;85677;99107;;;1938-09-16;M;False
46;monthly issuance;1993-05-09;51.0;15.0;0.0;0.0;9.0;18.0;27.0;0.0;24.0;3259.0;25900.32;1994-02-06;78936;12;6578;1;Prague;1204953;0;0;0;1;1;100.0;12541;0.29;0.43;167;85677;99107;;;1957-01-22;F;False
47;monthly issuance;1993-05-20;55.0;15.0;0.0;0.0;6.0;26.0;32.0;0.0;23.0;13671.43;54652.9;1994-01-31;108144;36;3004;1;Prague;1204953;0;0;0;1;1;100.0;12541;0.29;0.43;167;85677;99107;;;1963-05-12;F;True
48;weekly issuance;1993-05-29;83.0;2.0;0.0;14.0;10.0;44.0;53.0;1.0;29.0;7915.58;36635.12;1994-07-28;131292;36;3647;1;Prague;1204953;0;0;0;1;1;100.0;12541;0.29;0.43;167;85677;99107;;;1954-03-20;M;False
49;monthly issuance;1993-05-30;120.0;33.0;0.0;0.0;0.0;69.0;61.0;8.0;51.0;13845.46;64493.1;1994-12-21;31248;12;2604;1;Prague;1204953;0;0;0;1;1;100.0;12541;0.29;0.43;167;85677;99107;;;1939-03-15;F;False
50;monthly issuance;1993-06-21;57.0;19.0;0.0;0.0;5.0;24.0;25.0;4.0;28.0;12422.02;45414.07;1994-08-10;323472;48;6739;1;Prague;1204953;0;0;0;1;1;100.0;12541;0.29;0.43;167;85677;99107;;;1940-10-15;F;False
51;monthly issuance;1993-06-28;29.0;2.0;0.0;6.0;4.0;7.0;10.0;1.0;18.0;8369.56;37462.09;1993-12-16;38148;12;3179;1;Prague;1204953;0;0;0;1;1;100.0;12541;0.29;0.43;167;85677;99107;;;1965-01-22;F;False
52;weekly issuance;1993-07-06;158.0;34.0;0.0;0.0;19.0;83.0;101.0;1.0;56.0;11730.84;57977.03;1995-05-08;36396;12;3033;1;Prague;1204953;0;0;0;1;1;100.0;12541;0.29;0.43;167;85677;99107;;;1972-04-03;M;False
53;monthly issuance;1993-08-10;160.0;36.0;0.0;0.0;0.0;86.0;78.0;8.0;74.0;11357.39;56054.0;1995-03-04;168984;24;7041;-1;Prague;1204953;0;0;0;1;1;100.0;12541;0.29;0.43;167;85677;99107;;;1976-03-18;M;False
54;monthly issuance;1993-08-29;130.0;26.0;0.0;0.0;34.0;40.0;74.0;0.0;56.0;4060.68;26358.75;1994-12-19;482940;60;8049;-1;Prague;1204953;0;0;0;1;1;100.0;12541;0.29;0.43;167;85677;99107;;;1976-05-21;F;False
55;monthly issuance;1993-09-05;117.0;23.0;0.0;0.0;14.0;62.0;76.0;0.0;41.0;5173.09;31139.75;1995-03-27;31728;24;1322;1;Prague;1204953;0;0;0;1;1;100.0;12541;0.29;0.43;167;85677;99107;;;1950-04-10;M;True
56;monthly issuance;1993-09-17;97.0;21.0;0.0;0.0;36.0;27.0;63.0;0.0;34.0;1577.49;23050.19;1994-11-06;48672;36;1352;1;Prague;1204953;0;0;0;1;1;100.0;12541;0.29;0.43;167;85677;99107;;;1948-05-02;F;True
57;monthly issuance;1993-10-10;45.0;9.0;0.0;0.0;0.0;23.0;23.0;0.0;22.0;10991.5;43563.62;1994-11-06;140400;36;3900;1;Prague;1204953;0;0;0;1;1;100.0;12541;0.29;0.43;167;85677;99107;;;1941-10-15;M;False
58;monthly issuance;1993-11-21;64.0;12.0;0.0;0.0;12.0;29.0;41.0;0.0;23.0;5646.34;36039.05;1994-11-03;61056;48;1272;1;Prague;1204953;0;0;0;1;1;100.0;12541;0.29;0.43;167;85677;99107;;;1957-09-06;F;False
59;monthly issuance;1993-11-26;31.0;1.0;0.0;7.0;0.0;17.0;12.0;5.0;14.0;15002.82;50765.42;1994-06-25;91584;24;3816;1;Prague;1204953;0;0;0;1;1;100.0;12541;0.29;0.43;167;85677;99107;;;1951-11-16;F;False
60;monthly issuance;1993-11-27;15.0;3.0;0.0;0.0;0.0;5.0;5.0;0.0;10.0;6110.86;32702.73;1994-05-02;215388;36;5983;-1;Prague;1204953;0;0;0;1;1;100.0;12541;0.29;0.43;167;85677;99107;;;1959-12-17;M;False
61;monthly issuance;1993-11-29;61.0;19.0;0.0;0.0;10.0;25.0;29.0;6.0;26.0;11625.12;57340.51;1994-07-19;252060;60;4201;-1;Prague;1204953;0;0;0;1;1;100.0;12541;0.29;0.43;167;85677;99107;;;1965-08-03;F;False
62;issuance after transaction;1994-02-27;10.0;4.0;0.0;0.0;0.0;2.0;2.0;0.0;8.0;8585.04;33211.76;1994-06-14;288360;60;4806;1;Prague;1204953;0;0;0;1;1;100.0;12541;0.29;0.43;167;85677;99107;;;1935-12-15;M;False
63;weekly issuance;1994-03-07;72.0;16.0;0.0;0.0;0.0;36.0;36.0;0.0;36.0;12958.56;60819.98;1995-01-08;270648;36;7518;-1;Prague;1204953;0;0;0;1;1;100.0;12541;0.29;0.43;167;85677;99107;;;1937-11-04;M;False
64;monthly issuance;1994-05-01;45.0;12.0;0.0;0.0;12.0;13.0;25.0;0.0;20.0;3571.59;26122.85;1995-01-02;76380;12;6365;1;Prague;1204953;0;0;0;1;1;100.0;12541;0.29;0.43;167;85677;99107;;;1957-06-28;F;False
65;weekly issuance;1994-07-01;126.0;3.0;0.0;16.0;35.0;57.0;83.0;9.0;34.0;10683.37;45873.62;1995-10-20;231696;36;6436;1;Prague;1204953;0;0;0;1;1;100.0;12541;0.29;0.43;167;85677;99107;;;1973-05-30;M;True
66;weekly issuance;1994-09-05;127.0;29.0;0.0;0.0;13.0;57.0;62.0;8.0;57.0;9686.67;51145.52;1995-12-25;125340;60;2089;1;Prague;1204953;0;0;0;1;1;100.0;12541;0.29;0.43;167;85677;99107;;;1944-06-15;M;False
67;monthly issuance;1994-11-25;13.0;5.0;0.0;0.0;0.0;4.0;4.0;0.0;9.0;8589.67;35538.05;1995-04-02;18564;12;1547;1;Prague;1204953;0;0;0;1;1;100.0;12541;0.29;0.43;167;85677;99107;;;1963-02-04;F;False
68;monthly issuance;1995-02-11;96.0;18.0;0.0;0.0;13.0;49.0;62.0;0.0;34.0;8501.32;52636.6;1996-07-18;20196;36;561;1;Prague;1204953;0;0;0;1;1;100.0;12541;0.29;0.43;167;85677;99107;;;1971-02-25;M;False
69;monthly issuance;1995-03-04;36.0;2.0;0.0;7.0;8.0;13.0;20.0;1.0;15.0;6931.62;39063.77;1995-09-22;36168;12;3014;1;Prague;1204953;0;0;0;1;1;100.0;12541;0.29;0.43;167;85677;99107;;;1961-08-19;M;False
70;monthly issuance;1995-03-11;77.0;20.0;0.0;0.0;0.0;41.0;39.0;2.0;36.0;14561.26;50722.27;1996-10-04;77184;36;2144;1;Prague;1204953;0;0;0;1;1;100.0;12541;0.29;0.43;167;85677;99107;;;1954-12-09;F;False
71;monthly issuance;1995-05-08;63.0;17.0;0.0;0.0;6.0;28.0;34.0;0.0;29.0;11660.54;50815.8;1996-11-11;110136;24;4589;1;Prague;1204953;0;0;0;1;1;100.0;12541;0.29;0.43;167;85677;99107;;;1958-02-24;F;False
72;weekly issuance;1995-05-26;18.0;2.0;0.0;5.0;1.0;6.0;7.0;0.0;11.0;24426.47;59352.83;1995-10-29;419880;60;6998;1;Prague;1204953;0;0;0;1;1;100.0;12541;0.29;0.43;167;85677;99107;;;1945-10-30;F;True
73;monthly issuance;1995-06-08;23.0;7.0;0.0;0.0;2.0;9.0;11.0;0.0;12.0;9027.32;46304.15;1995-11-28;31176;24;1299;1;Prague;1204953;0;0;0;1;1;100.0;12541;0.29;0.43;167;85677;99107;;;1968-01-29;M;False
74;weekly issuance;1995-08-08;50.0;11.0;0.0;0.0;6.0;21.0;25.0;2.0;23.0;12112.08;60054.73;1996-03-10;247728;48;5161;1;Prague;1204953;0;0;0;1;1;100.0;12541;0.29;0.43;167;85677;99107;;;1979-06-19;M;False
75;monthly issuance;1995-08-18;50.0;1.0;0.0;8.0;0.0;27.0;24.0;3.0;23.0;15093.96;49482.97;1996-04-25;320976;48;6687;-1;Prague;1204953;0;0;0;1;1;100.0;12541;0.29;0.43;167;85677;99107;;;1936-08-09;M;False
76;monthly issuance;1995-10-23;53.0;14.0;0.0;0.0;6.0;23.0;29.0;0.0;24.0;7828.98;37557.05;1996-09-17;68832;36;1912;1;Prague;1204953;0;0;0;1;1;100.0;12541;0.29;0.43;167;85677;99107;;;1959-07-01;M;False
77;monthly issuance;1996-01-05;53.0;11.0;0.0;0.0;4.0;20.0;24.0;0.0;29.0;5188.34;32646.85;1996-10-04;70656;48;1472;1;Prague;1204953;0;0;0;1;1;100.0;12541;0.29;0.43;167;85677;99107;;;1952-07-26;M;False
78;weekly issuance;1996-01-11;16.0;7.0;0.0;0.0;0.0;4.0;4.0;0.0;12.0;8680.76;40688.14;1996-08-03;258444;36;7179;1;Prague;1204953;0;0;0;1;1;100.0;12541;0.29;0.43;167;85677;99107;;;1966-05-27;M;False
79;monthly issuance;1996-01-13;31.0;9.0;0.0;0.0;3.0;12.0;15.0;0.0;16.0;10132.92;49220.98;1996-09-09;71460;36;1985;1;Prague;1204953;0;0;0;1;1;100.0;12541;0.29;0.43;167;85677;99107;;;1980-08-31;F;True
80;monthly issuance;1996-02-01;38.0;10.0;0.0;0.0;4.0;16.0;20.0;0.0;18.0;5370.04;26449.09;1996-10-03;101520;12;8460;1;Prague;1204953;0;0;0;1;1;100.0;12541;0.29;0.43;167;85677;99107;;;1976-10-12;F;False
81;monthly issuance;1996-06-09;20.0;8.0;0.0;0.0;0.0;7.0;7.0;0.0;13.0;7186.86;41402.13;1996-11-22;228276;36;6341;1;Prague;1204953;0;0;0;1;1;100.0;12541;0.29;0.43;167;85677;99107;;;1961-08-03;M;True
82;monthly issuance;1993-02-08;196.0;46.0;0.0;0.0;36.0;93.0;120.0;9.0;67.0;13414.56;67891.94;1994-11-02;83016;12;6918;1;north Moravia;285387;0;2;8;5;7;89.9;10177;6.63;7.75;81;9878;10108;;;1979-03-26;M;False
83;monthly issuance;1994-06-04;55.0;13.0;0.0;0.0;0.0;25.0;23.0;2.0;30.0;9329.63;44005.11;1995-03-19;134784;24;5616;1;north Moravia;285387;0;2;8;5;7;89.9;10177;6.63;7.75;81;9878;10108;;;1940-05-11;F;False
84;monthly issuance;1995-01-21;110.0;17.0;0.0;0.0;32.0;47.0;79.0;0.0;31.0;5547.67;47798.87;1996-04-29;49440;60;824;1;north Moravia;285387;0;2;8;5;7;89.9;10177;6.63;7.75;81;9878;10108;;;1966-10-06;F;False
85;monthly issuance;1995-07-14;49.0;10.0;0.0;0.0;0.0;29.0;27.0;2.0;20.0;9121.31;39514.68;1996-05-06;123600;60;2060;1;north Moravia;285387;0;2;8;5;7;89.9;10177;6.63;7.75;81;9878;10108;;;1967-06-30;M;True
86;weekly issuance;1995-08-18;29.0;8.0;0.0;0.0;0.0;16.0;16.0;0.0;13.0;13517.22;62571.28;1996-01-19;89880;24;3745;1;north Moravia;285387;0;2;8;5;7;89.9;10177;6.63;7.75;81;9878;10108;;;1963-05-16;M;False
87;monthly issuance;1995-11-22;18.0;2.0;0.0;4.0;0.0;3.0;3.0;0.0;15.0;4932.62;28124.93;1996-03-26;100224;48;2088;-1;north Moravia;285387;0;2;8;5;7;89.9;10177;6.63;7.75;81;9878;10108;;;1957-02-01;F;False
88;monthly issuance;1996-03-06;42.0;1.0;0.0;8.0;6.0;20.0;22.0;4.0;16.0;16607.01;60273.68;1996-10-29;86184;12;7182;1;north Moravia;285387;0;2;8;5;7;89.9;10177;6.63;7.75;81;9878;10108;;;1940-12-04;F;False
89;monthly issuance;1996-03-06;42.0;1.0;0.0;8.0;6.0;20.0;22.0;4.0;16.0;16523.6;59935.27;1996-10-29;86184;12;7182;1;north Moravia;285387;0;2;8;5;7;89.9;10177;6.63;7.75;81;9878;10108;;;1940-12-04;F;False
90;monthly issuance;1996-05-21;39.0;8.0;0.0;0.0;6.0;13.0;19.0;0.0;20.0;7779.82;41994.91;1996-12-21;45024;48;938;1;north Moravia;285387;0;2;8;5;7;89.9;10177;6.63;7.75;81;9878;10108;;;1957-05-04;F;False
91;monthly issuance;1993-02-08;102.0;31.0;5.0;0.0;0.0;53.0;50.0;8.0;44.0;13901.27;58226.5;1994-03-11;51696;24;2154;1;north Moravia;323870;0;0;0;1;1;100.0;10673;4.75;5.44;100;18782;18347;classic;1993-11-07;1968-01-28;F;False
92;monthly issuance;1993-05-20;191.0;50.0;0.0;0.0;22.0;97.0;103.0;16.0;72.0;11980.31;57357.84;1995-04-11;104712;24;4363;1;north Moravia;323870;0;0;0;1;1;100.0;10673;4.75;5.44;100;18782;18347;;;1944-12-12;M;False
93;weekly issuance;1993-07-26;86.0;1.0;0.0;17.0;0.0;52.0;51.0;1.0;34.0;16552.96;63383.58;1994-12-20;398640;60;6644;1;north Moravia;323870;0;0;0;1;1;100.0;10673;4.75;5.44;100;18782;18347;;;1960-02-09;F;False
94;monthly issuance;1993-08-01;72.0;17.0;0.0;0.0;0.0;41.0;41.0;0.0;31.0;4842.77;39290.62;1994-10-25;17508;12;1459;1;north Moravia;323870;0;0;0;1;1;100.0;10673;4.75;5.44;100;18782;18347;;;1946-04-01;M;False
95;monthly issuance;1993-10-08;82.0;17.0;0.0;0.0;19.0;25.0;42.0;2.0;38.0;7188.85;27658.49;1994-09-29;230220;36;6395;-1;north Moravia;323870;0;0;0;1;1;100.0;10673;4.75;5.44;100;18782;18347;;;1942-11-09;F;False
96;monthly issuance;1993-12-27;54.0;12.0;0.0;0.0;5.0;27.0;32.0;0.0;22.0;8295.16;40204.46;1994-11-04;59760;24;2490;1;north Moravia;323870;0;0;0;1;1;100.0;10673;4.75;5.44;100;18782;18347;;;1958-11-26;M;True
97;weekly issuance;1994-01-15;71.0;1.0;0.0;12.0;7.0;39.0;41.0;5.0;25.0;11891.5;37596.93;1995-02-08;221280;48;4610;1;north Moravia;323870;0;0;0;1;1;100.0;10673;4.75;5.44;100;18782;18347;;;1968-03-28;M;True
98;monthly issuance;1994-05-16;57.0;14.0;0.0;0.0;0.0;29.0;21.0;8.0;28.0;8289.66;30491.1;1995-02-11;151728;48;3161;-1;north Moravia;323870;0;0;0;1;1;100.0;10673;4.75;5.44;100;18782;18347;;;1976-06-23;M;False
99;monthly issuance;1994-06-01;113.0;1.0;0.0;18.0;14.0;62.0;71.0;5.0;37.0;8187.95;36421.43;1995-12-05;194880;48;4060;1;north Moravia;323870;0;0;0;1;1;100.0;10673;4.75;5.44;100;18782;18347;;;1979-12-06;M;False
100;monthly issuance;1994-07-30;109.0;32.0;0.0;0.0;0.0;62.0;58.0;4.0;47.0;15887.99;64777.08;1996-02-29;380160;60;6336;1;north Moravia;323870;0;0;0;1;1;100.0;10673;4.75;5.44;100;18782;18347;;;1949-12-15;M;False
101;issuance after transaction;1995-07-05;27.0;9.0;0.0;0.0;0.0;13.0;11.0;2.0;14.0;13066.73;63188.63;1995-12-16;232560;48;4845;1;north Moravia;323870;0;0;0;1;1;100.0;10673;4.75;5.44;100;18782;18347;;;1970-01-29;F;False
102;monthly issuance;1993-02-08;24.0;2.0;0.0;5.0;3.0;6.0;9.0;0.0;15.0;5417.46;30060.95;1993-07-28;127080;60;2118;1;east Bohemia;77917;85;19;6;1;5;53.5;8390;2.28;2.89;132;2080;2122;;;1936-06-02;M;False
103;weekly issuance;1993-04-17;127.0;26.0;0.0;0.0;32.0;49.0;77.0;4.0;46.0;6214.37;25666.41;1994-12-21;115992;36;3222;1;east Bohemia;77917;85;19;6;1;5;53.5;8390;2.28;2.89;132;2080;2122;;;1937-05-17;M;False
104;monthly issuance;1993-06-26;67.0;14.0;0.0;0.0;8.0;33.0;41.0;0.0;26.0;8191.96;37913.0;1994-07-30;74736;36;2076;1;east Bohemia;77917;85;19;6;1;5;53.5;8390;2.28;2.89;132;2080;2122;;;1965-10-29;M;False
105;monthly issuance;1994-12-17;65.0;2.0;0.0;12.0;8.0;32.0;37.0;3.0;25.0;7701.99;37809.4;1995-12-18;204000;60;3400;1;east Bohemia;77917;85;19;6;1;5;53.5;8390;2.28;2.89;132;2080;2122;;;1944-05-06;M;False
106;monthly issuance;1993-02-10;78.0;7.0;0.0;15.0;0.0;41.0;36.0;5.0;37.0;4949.47;29380.84;1994-05-11;24312;12;2026;1;south Bohemia;93931;74;21;10;1;8;56.9;8427;1.12;1.54;107;1874;1913;;;1955-11-19;F;False
107;monthly issuance;1993-08-08;77.0;18.0;0.0;0.0;10.0;36.0;46.0;0.0;31.0;9089.42;40091.18;1994-10-30;170256;24;7094;1;south Bohemia;93931;74;21;10;1;8;56.9;8427;1.12;1.54;107;1874;1913;;;1965-07-16;F;False
108;monthly issuance;1994-10-19;125.0;1.0;0.0;18.0;28.0;60.0;84.0;4.0;37.0;12822.35;52523.24;1996-05-02;165960;24;6915;1;south Bohemia;93931;74;21;10;1;8;56.9;8427;1.12;1.54;107;1874;1913;;;1944-06-13;F;False
109;monthly issuance;1995-03-27;56.0;19.0;0.0;0.0;8.0;22.0;29.0;1.0;26.0;15972.28;72667.64;1995-11-12;60156;36;1671;-1;south Bohemia;93931;74;21;10;1;8;56.9;8427;1.12;1.54;107;1874;1913;;;1976-08-08;M;False
110;monthly issuance;1995-05-20;124.0;32.0;0.0;0.0;0.0;73.0;66.0;7.0;51.0;13280.08;56646.52;1996-12-25;115812;36;3217;1;south Bohemia;93931;74;21;10;1;8;56.9;8427;1.12;1.54;107;1874;1913;;;1953-06-01;M;False
111;monthly issuance;1996-06-25;11.0;7.0;0.0;0.0;0.0;1.0;1.0;0.0;10.0;4184.64;23324.94;1996-10-23;22968;36;638;1;south Bohemia;93931;74;21;10;1;8;56.9;8427;1.12;1.54;107;1874;1913;;;1950-07-27;F;False
112;monthly issuance;1993-02-13;37.0;12.0;0.0;0.0;8.0;12.0;18.0;2.0;17.0;11015.64;52083.86;1993-07-11;165960;36;4610;1;east Bohemia;112709;48;20;7;3;10;73.5;8369;1.79;2.31;117;2854;2618;;;1968-07-22;M;False
113;weekly issuance;1993-03-05;71.0;19.0;0.0;0.0;0.0;40.0;37.0;3.0;31.0;11301.57;51034.36;1994-03-31;212400;36;5900;1;north Bohemia;85852;41;23;4;2;4;59.8;8965;7.08;8.23;104;2653;2822;;;1966-10-24;F;False
114;monthly issuance;1993-03-12;110.0;31.0;0.0;0.0;12.0;49.0;59.0;2.0;49.0;9915.67;47420.84;1994-09-10;23628;12;1969;1;north Bohemia;85852;41;23;4;2;4;59.8;8965;7.08;8.23;104;2653;2822;;;1954-03-09;M;False
115;monthly issuance;1993-07-21;30.0;6.0;0.0;0.0;0.0;14.0;13.0;1.0;16.0;8145.61;36783.95;1994-06-07;87360;24;3640;1;north Bohemia;85852;41;23;4;2;4;59.8;8965;7.08;8.23;104;2653;2822;;;1962-07-10;M;False
116;monthly issuance;1993-08-01;151.0;29.0;0.0;0.0;52.0;52.0;104.0;0.0;47.0;2499.07;21368.91;1995-02-02;20832;48;434;1;north Bohemia;85852;41;23;4;2;4;59.8;8965;7.08;8.23;104;2653;2822;;;1948-05-04;M;False
117;monthly issuance;1994-04-21;86.0;17.0;0.0;0.0;18.0;39.0;57.0;0.0;29.0;4896.45;34577.3;1995-05-29;71064;36;1974;1;north Bohemia;85852;41;23;4;2;4;59.8;8965;7.08;8.23;104;2653;2822;;;1946-10-17;F;False
118;monthly issuance;1994-08-12;128.0;30.0;0.0;0.0;22.0;58.0;79.0;1.0;48.0;12136.38;70622.83;1996-02-24;123216;48;2567;1;north Bohemia;85852;41;23;4;2;4;59.8;8965;7.08;8.23;104;2653;2822;;;1977-08-12;F;True
119;monthly issuance;1995-07-27;66.0;17.0;0.0;0.0;7.0;31.0;36.0;2.0;28.0;13244.23;51611.34;1996-07-25;96768;36;2688;1;north Bohemia;85852;41;23;4;2;4;59.8;8965;7.08;8.23;104;2653;2822;;;1968-01-06;F;True
120;monthly issuance;1996-01-23;13.0;1.0;0.0;4.0;0.0;4.0;4.0;0.0;9.0;17599.44;47154.5;1996-06-06;176148;36;4893;1;north Bohemia;85852;41;23;4;2;4;59.8;8965;7.08;8.23;104;2653;2822;;;1963-11-20;F;False
121;monthly issuance;1993-03-08;70.0;15.0;0.0;0.0;8.0;35.0;43.0;0.0;27.0;6304.11;40976.94;1994-03-08;91632;12;7636;1;central Bohemia;94725;38;28;1;3;6;63.4;9920;2.26;2.87;130;4289;4846;;;1962-12-28;F;True
122;monthly issuance;1994-04-07;164.0;3.0;0.0;23.0;36.0;80.0;108.0;8.0;48.0;9457.76;49291.82;1996-02-08;63252;12;5271;1;central Bohemia;94725;38;28;1;3;6;63.4;9920;2.26;2.87;130;4289;4846;;;1949-06-24;F;False
123;weekly issuance;1993-03-15;47.0;13.0;0.0;0.0;0.0;25.0;23.0;2.0;22.0;10370.7;41562.32;1993-12-08;95400;36;2650;1;east Bohemia;75685;31;28;5;1;9;60.8;8208;1.89;2.26;155;1660;2123;;;1971-02-10;M;False
124;monthly issuance;1993-09-06;119.0;29.0;0.0;0.0;16.0;54.0;70.0;0.0;49.0;3181.77;29108.36;1995-06-06;63360;60;1056;1;east Bohemia;75685;31;28;5;1;9;60.8;8208;1.89;2.26;155;1660;2123;;;1955-08-14;M;True
125;monthly issuance;1993-03-18;98.0;25.0;0.0;0.0;0.0;51.0;39.0;12.0;47.0;8702.48;46061.32;1994-03-15;55368;24;2307;1;south Moravia;197099;29;41;10;2;10;74.7;9624;1.60;2.31;145;4484;4265;;;1939-12-25;F;False
126;issuance after transaction;1993-04-14;42.0;14.0;0.0;0.0;4.0;16.0;19.0;1.0;22.0;12252.22;60382.09;1993-12-09;47016;12;3918;1;south Moravia;197099;29;41;10;2;10;74.7;9624;1.60;2.31;145;4484;4265;;;1957-12-31;F;False
127;monthly issuance;1993-09-25;83.0;21.0;0.0;0.0;0.0;38.0;36.0;2.0;45.0;8156.79;45134.72;1994-10-12;227880;36;6330;1;south Moravia;197099;29;41;10;2;10;74.7;9624;1.60;2.31;145;4484;4265;;;1955-11-04;F;True
128;monthly issuance;1993-11-10;167.0;42.0;0.0;0.0;14.0;77.0;83.0;8.0;76.0;13867.85;68740.02;1995-04-10;47304;24;1971;1;south Moravia;197099;29;41;10;2;10;74.7;9624;1.60;2.31;145;4484;4265;;;1971-08-03;M;False
129;monthly issuance;1994-08-24;70.0;14.0;0.0;0.0;0.0;34.0;34.0;0.0;36.0;4598.14;38587.76;1995-08-26;33984;48;708;1;south Moravia;197099;29;41;10;2;10;74.7;9624;1.60;2.31;145;4484;4265;;;1972-08-04;M;False
130;issuance after transaction;1994-11-13;136.0;2.0;0.0;19.0;0.0;79.0;72.0;7.0;57.0;14897.4;51149.66;1996-06-13;360000;48;7500;1;south Moravia;197099;29;41;10;2;10;74.7;9624;1.60;2.31;145;4484;4265;;;1973-03-07;F;False
131;monthly issuance;1995-01-05;172.0;50.0;0.0;0.0;0.0;101.0;91.0;10.0;71.0;15182.1;64044.05;1996-10-29;372120;60;6202;1;south Moravia;197099;29;41;10;2;10;74.7;9624;1.60;2.31;145;4484;4265;;;1945-01-26;M;True
132;weekly issuance;1995-01-19;149.0;27.0;0.0;0.0;0.0;65.0;59.0;6.0;84.0;8240.56;50492.69;1996-09-26;96168;12;8014;1;south Moravia;197099;29;41;10;2;10;74.7;9624;1.60;2.31;145;4484;4265;;;1972-08-12;F;False
133;monthly issuance;1995-04-02;22.0;2.0;0.0;5.0;1.0;9.0;7.0;3.0;12.0;10873.77;42203.17;1995-09-09;188688;48;3931;1;south Moravia;197099;29;41;10;2;10;74.7;9624;1.60;2.31;145;4484;4265;;;1965-07-23;F;False
134;monthly issuance;1995-04-05;85.0;23.0;0.0;0.0;0.0;47.0;46.0;1.0;38.0;15232.29;65066.74;1996-08-11;85632;48;1784;1;south Moravia;197099;29;41;10;2;10;74.7;9624;1.60;2.31;145;4484;4265;;;1949-04-07;F;False
135;monthly issuance;1995-07-14;92.0;30.0;0.0;0.0;11.0;36.0;47.0;0.0;45.0;3104.78;25997.56;1996-11-12;276300;60;4605;1;south Moravia;197099;29;41;10;2;10;74.7;9624;1.60;2.31;145;4484;4265;;;1976-07-06;M;False
136;monthly issuance;1995-08-15;64.0;17.0;0.0;0.0;12.0;25.0;37.0;0.0;27.0;6433.18;32404.77;1996-07-23;444864;48;9268;1;south Moravia;197099;29;41;10;2;10;74.7;9624;1.60;2.31;145;4484;4265;;;1964-03-29;M;True
137;weekly issuance;1993-03-19;68.0;22.0;0.0;0.0;0.0;37.0;28.0;9.0;31.0;13335.8;51760.02;1993-12-01;464520;60;7742;-1;central Bohemia;77963;60;23;4;2;4;51.5;8546;2.95;4.02;126;2640;3120;;;1940-12-02;F;False
138;monthly issuance;1993-03-19;78.0;17.0;0.0;0.0;0.0;47.0;47.0;0.0;31.0;4748.17;33857.11;1994-06-12;69360;48;1445;1;central Bohemia;75637;35;36;9;0;7;36.5;9622;0.45;0.59;154;3475;3529;;;1941-07-28;M;False
139;monthly issuance;1993-04-21;54.0;2.0;0.0;9.0;5.0;29.0;32.0;2.0;20.0;6682.03;36845.59;1994-02-07;149040;48;3105;1;central Bohemia;75637;35;36;9;0;7;36.5;9622;0.45;0.59;154;3475;3529;;;1968-12-20;F;False
140;monthly issuance;1993-05-20;132.0;1.0;0.0;23.0;0.0;86.0;74.0;12.0;46.0;11683.99;47118.99;1995-04-13;126600;24;5275;1;central Bohemia;75637;35;36;9;0;7;36.5;9622;0.45;0.59;154;3475;3529;;;1939-02-27;M;False
141;monthly issuance;1993-07-05;52.0;3.0;0.0;10.0;0.0;30.0;28.0;2.0;22.0;15464.4;61531.59;1994-05-20;80340;12;6695;1;central Bohemia;75637;35;36;9;0;7;36.5;9622;0.45;0.59;154;3475;3529;;;1976-02-06;F;True
142;monthly issuance;1993-08-18;15.0;6.0;0.0;0.0;0.0;3.0;3.0;0.0;12.0;5323.55;25714.05;1993-12-21;86616;12;7218;1;central Bohemia;75637;35;36;9;0;7;36.5;9622;0.45;0.59;154;3475;3529;;;1961-09-28;M;False
143;monthly issuance;1993-10-20;43.0;11.0;0.0;0.0;5.0;19.0;24.0;0.0;19.0;6392.97;37570.63;1994-07-16;50460;60;841;1;central Bohemia;75637;35;36;9;0;7;36.5;9622;0.45;0.59;154;3475;3529;;;1947-10-17;F;False
144;monthly issuance;1993-12-08;161.0;4.0;0.0;22.0;35.0;79.0;105.0;9.0;47.0;12514.36;50676.82;1995-10-28;260028;36;7223;1;central Bohemia;75637;35;36;9;0;7;36.5;9622;0.45;0.59;154;3475;3529;;;1976-11-25;M;False
145;monthly issuance;1995-07-22;12.0;6.0;0.0;0.0;0.0;3.0;3.0;0.0;9.0;6363.32;26886.19;1995-11-28;137904;24;5746;-1;central Bohemia;75637;35;36;9;0;7;36.5;9622;0.45;0.59;154;3475;3529;;;1968-05-06;M;False
146;monthly issuance;1993-03-20;152.0;39.0;0.0;0.0;28.0;69.0;93.0;4.0;55.0;13525.02;65097.22;1994-07-05;111384;24;4641;1;south Bohemia;51428;50;11;3;1;4;52.7;8402;3.13;3.98;120;999;1099;;;1967-02-10;M;False
147;monthly issuance;1993-09-18;148.0;24.0;0.0;0.0;17.0;67.0;84.0;0.0;64.0;5332.35;35566.88;1995-06-23;265320;36;7370;1;south Bohemia;51428;50;11;3;1;4;52.7;8402;3.13;3.98;120;999;1099;;;1948-08-28;F;True
148;monthly issuance;1994-04-27;90.0;18.0;0.0;0.0;12.0;45.0;57.0;0.0;33.0;7594.23;48152.95;1995-08-29;45336;24;1889;1;south Bohemia;51428;50;11;3;1;4;52.7;8402;3.13;3.98;120;999;1099;;;1957-04-29;M;False
149;monthly issuance;1994-11-21;59.0;1.0;0.0;12.0;0.0;35.0;33.0;2.0;24.0;17539.8;67475.9;1995-11-18;182040;60;3034;1;south Bohemia;51428;50;11;3;1;4;52.7;8402;3.13;3.98;120;999;1099;;;1951-03-24;F;True
150;weekly issuance;1995-04-09;89.0;21.0;0.0;0.0;23.0;36.0;56.0;3.0;30.0;11582.99;54137.11;1996-01-01;189696;24;7904;1;south Bohemia;51428;50;11;3;1;4;52.7;8402;3.13;3.98;120;999;1099;;;1945-09-24;M;True
151;weekly issuance;1995-04-15;95.0;1.0;0.0;18.0;0.0;59.0;53.0;6.0;36.0;15418.11;58855.28;1996-10-16;396120;60;6602;1;south Bohemia;51428;50;11;3;1;4;52.7;8402;3.13;3.98;120;999;1099;;;1950-01-02;F;False
152;monthly issuance;1993-03-22;118.0;23.0;0.0;0.0;42.0;38.0;78.0;2.0;38.0;7375.63;26252.81;1994-06-17;174744;24;7281;-1;north Bohemia;125236;28;11;1;4;5;87.7;9675;6.43;7.68;100;5323;5190;;;1978-11-21;F;False
153;monthly issuance;1994-03-19;34.0;10.0;0.0;0.0;1.0;13.0;14.0;0.0;20.0;12283.39;50113.19;1995-03-29;185952;48;3874;1;north Bohemia;125236;28;11;1;4;5;87.7;9675;6.43;7.68;100;5323;5190;;;1945-02-22;M;False
154;monthly issuance;1995-04-22;18.0;7.0;0.0;0.0;1.0;5.0;6.0;0.0;12.0;9232.25;38509.05;1995-10-08;21852;36;607;1;north Bohemia;125236;28;11;1;4;5;87.7;9675;6.43;7.68;100;5323;5190;;;1954-12-05;M;False
155;weekly issuance;1993-03-22;4.0;4.0;0.0;0.0;0.0;0.0;0.0;0.0;4.0;5025.0;12250.0;1993-07-05;96396;12;8033;-1;west Bohemia;94812;15;13;8;2;10;81.8;9650;3.38;3.67;100;2985;2804;;;1947-07-22;F;False
156;monthly issuance;1993-09-13;71.0;13.0;0.0;0.0;0.0;32.0;29.0;3.0;39.0;6031.73;33459.68;1994-06-04;52128;24;2172;1;west Bohemia;94812;15;13;8;2;10;81.8;9650;3.38;3.67;100;2985;2804;;;1959-07-17;F;False
157;monthly issuance;1993-03-24;93.0;1.0;0.0;17.0;0.0;59.0;50.0;9.0;34.0;14537.8;57496.99;1994-08-25;224604;36;6239;1;west Bohemia;51313;34;12;3;1;4;59.2;8930;3.52;4.2;108;1328;1452;;;1976-05-24;M;True
158;monthly issuance;1993-03-29;125.0;30.0;0.0;0.0;0.0;75.0;75.0;0.0;50.0;4768.64;30229.8;1994-12-20;36684;12;3057;1;west Bohemia;51313;34;12;3;1;4;59.2;8930;3.52;4.2;108;1328;1452;;;1978-09-23;F;False
159;issuance after transaction;1993-11-17;65.0;16.0;0.0;0.0;0.0;37.0;30.0;7.0;28.0;11809.26;41752.16;1994-11-19;164052;36;4557;-1;west Bohemia;51313;34;12;3;1;4;59.2;8930;3.52;4.2;108;1328;1452;;;1975-09-12;F;False
160;weekly issuance;1994-05-22;108.0;34.0;0.0;0.0;11.0;47.0;48.0;10.0;50.0;12019.66;52379.13;1995-12-12;104712;24;4363;1;west Bohemia;51313;34;12;3;1;4;59.2;8930;3.52;4.2;108;1328;1452;;;1970-10-07;F;True
161;weekly issuance;1994-05-22;109.0;34.0;0.0;0.0;11.0;48.0;48.0;11.0;50.0;12039.47;50436.47;1995-12-12;92976;24;3874;1;west Bohemia;51313;34;12;3;1;4;59.2;8930;3.52;4.2;108;1328;1452;;;1970-10-07;F;True
162;weekly issuance;1995-02-20;79.0;1.0;0.0;13.0;9.0;44.0;44.0;9.0;26.0;16141.21;57124.27;1996-03-13;202788;36;5633;1;west Bohemia;51313;34;12;3;1;4;59.2;8930;3.52;4.2;108;1328;1452;;;1953-07-20;F;False
163;issuance after transaction;1995-10-09;13.0;5.0;0.0;0.0;0.0;4.0;4.0;0.0;9.0;13997.22;45099.26;1996-02-12;72408;24;3017;-1;west Bohemia;51313;34;12;3;1;4;59.2;8930;3.52;4.2;108;1328;1452;;;1958-06-13;F;False
164;weekly issuance;1996-01-07;71.0;1.0;0.0;11.0;20.0;29.0;45.0;4.0;22.0;9739.4;32967.71;1996-11-28;61560;12;5130;1;west Bohemia;51313;34;12;3;1;4;59.2;8930;3.52;4.2;108;1328;1452;;;1943-01-04;M;False
165;monthly issuance;1993-03-28;81.0;14.0;0.0;0.0;8.0;37.0;45.0;0.0;36.0;6436.61;46444.64;1994-03-30;7656;24;319;1;east Bohemia;78955;50;24;8;1;9;59.0;9060;1.78;2.44;124;1655;1717;;;1962-09-03;F;True
166;monthly issuance;1993-07-27;166.0;12.0;0.0;22.0;51.0;60.0;106.0;5.0;55.0;4654.09;24908.76;1995-05-30;158760;60;2646;1;east Bohemia;78955;50;24;8;1;9;59.0;9060;1.78;2.44;124;1655;1717;;;1978-01-31;M;False
167;weekly issuance;1993-09-15;89.0;7.0;0.0;16.0;0.0;51.0;44.0;7.0;38.0;6024.03;24523.07;1995-01-14;137880;60;2298;-1;east Bohemia;78955;50;24;8;1;9;59.0;9060;1.78;2.44;124;1655;1717;;;1963-03-12;M;False
168;monthly issuance;1995-03-15;93.0;2.0;0.0;18.0;0.0;56.0;51.0;5.0;37.0;7273.76;34005.91;1996-09-16;181020;60;3017;1;east Bohemia;78955;50;24;8;1;9;59.0;9060;1.78;2.44;124;1655;1717;;;1966-06-14;F;True
169;monthly issuance;1993-03-30;120.0;31.0;0.0;0.0;0.0;70.0;59.0;11.0;50.0;13441.43;54157.19;1995-01-16;347952;48;7249;1;west Bohemia;45714;52;10;5;1;6;55.6;8843;2.82;3.6;113;818;888;;;1964-10-30;F;False
170;monthly issuance;1993-11-16;64.0;19.0;0.0;0.0;0.0;33.0;31.0;2.0;31.0;13410.82;52299.29;1994-12-08;51408;24;2142;1;west Bohemia;45714;52;10;5;1;6;55.6;8843;2.82;3.6;113;818;888;;;1949-07-24;M;False
171;monthly issuance;1993-11-20;74.0;22.0;0.0;0.0;8.0;25.0;33.0;0.0;41.0;10583.99;58445.03;1995-06-01;417060;60;6951;1;west Bohemia;45714;52;10;5;1;6;55.6;8843;2.82;3.6;113;818;888;;;1961-09-14;F;True
172;monthly issuance;1995-11-29;59.0;16.0;0.0;0.0;0.0;31.0;30.0;1.0;28.0;11725.49;55230.44;1996-12-15;222180;60;3703;-1;west Bohemia;45714;52;10;5;1;6;55.6;8843;2.82;3.6;113;818;888;;;1939-03-20;M;False
173;monthly issuance;1993-04-02;112.0;1.0;0.0;16.0;12.0;51.0;59.0;4.0;49.0;11551.5;48484.62;1994-08-11;74688;12;6224;1;west Bohemia;87419;21;11;4;3;9;85.5;8624;1.79;2.66;102;2879;3198;;;1945-01-26;F;True
174;monthly issuance;1993-10-03;47.0;13.0;0.0;0.0;0.0;27.0;24.0;3.0;20.0;10472.5;49143.97;1994-05-22;196080;48;4085;1;west Bohemia;87419;21;11;4;3;9;85.5;8624;1.79;2.66;102;2879;3198;;;1958-05-27;M;False
175;monthly issuance;1993-04-12;87.0;18.0;0.0;0.0;8.0;35.0;43.0;0.0;44.0;3441.2;30045.4;1994-05-09;89040;60;1484;1;north Moravia;148545;8;35;12;3;4;53.5;8909;4.01;5.56;113;3460;3590;;;1970-01-25;F;True
176;issuance after transaction;1993-06-23;75.0;1.0;0.0;13.0;0.0;49.0;42.0;7.0;26.0;17396.59;61218.66;1994-07-11;173808;24;7242;1;north Moravia;148545;8;35;12;3;4;53.5;8909;4.01;5.56;113;3460;3590;;;1957-01-27;F;True
177;monthly issuance;1996-05-03;14.0;7.0;0.0;0.0;0.0;3.0;3.0;0.0;11.0;11392.24;42930.21;1996-09-14;48744;36;1354;1;north Moravia;148545;8;35;12;3;4;53.5;8909;4.01;5.56;113;3460;3590;;;1964-04-14;F;False
178;monthly issuance;1993-04-14;32.0;11.0;0.0;0.0;0.0;16.0;14.0;2.0;16.0;11557.95;37485.46;1993-09-24;174744;24;7281;-1;west Bohemia;122603;25;21;6;2;8;80.0;8991;1.39;2.01;128;5198;5273;;;1948-08-12;F;False
179;issuance after transaction;1993-09-03;49.0;12.0;0.0;0.0;10.0;22.0;30.0;2.0;17.0;10548.36;46576.28;1994-02-17;49320;12;4110;-1;west Bohemia;122603;25;21;6;2;8;80.0;8991;1.39;2.01;128;5198;5273;;;1945-10-03;F;False
180;monthly issuance;1993-09-10;112.0;26.0;0.0;0.0;26.0;44.0;70.0;0.0;42.0;3938.21;22360.54;1995-02-23;97224;24;4051;1;west Bohemia;122603;25;21;6;2;8;80.0;8991;1.39;2.01;128;5198;5273;;;1951-04-07;F;True
181;monthly issuance;1993-11-27;90.0;27.0;0.0;0.0;0.0;50.0;46.0;4.0;40.0;16058.69;59701.79;1995-01-30;95808;12;7984;1;west Bohemia;122603;25;21;6;2;8;80.0;8991;1.39;2.01;128;5198;5273;;;1940-09-07;M;False
182;monthly issuance;1994-11-10;169.0;26.0;0.0;0.0;54.0;68.0;122.0;0.0;47.0;4099.69;29941.91;1996-09-25;15192;24;633;1;west Bohemia;122603;25;21;6;2;8;80.0;8991;1.39;2.01;128;5198;5273;;;1972-12-27;F;False
183;monthly issuance;1995-05-28;69.0;16.0;0.0;0.0;0.0;40.0;40.0;0.0;29.0;6600.44;43121.76;1996-07-11;19044;36;529;1;west Bohemia;122603;25;21;6;2;8;80.0;8991;1.39;2.01;128;5198;5273;;;1974-04-05;F;False
184;monthly issuance;1993-04-19;82.0;23.0;0.0;0.0;17.0;30.0;47.0;0.0;35.0;2011.23;22551.78;1994-05-26;63312;48;1319;1;central Bohemia;149893;63;29;6;2;6;67.4;9753;4.64;5.05;109;5244;5892;;;1956-05-07;F;False
185;monthly issuance;1993-09-08;15.0;7.0;0.0;0.0;0.0;2.0;2.0;0.0;13.0;3164.47;21575.69;1994-01-21;21072;24;878;1;central Bohemia;149893;63;29;6;2;6;67.4;9753;4.64;5.05;109;5244;5892;;;1964-08-09;F;False
186;issuance after transaction;1994-11-02;30.0;1.0;0.0;7.0;3.0;13.0;15.0;1.0;14.0;17833.45;72242.9;1995-05-24;189060;60;3151;1;central Bohemia;149893;63;29;6;2;6;67.4;9753;4.64;5.05;109;5244;5892;;;1958-12-30;F;False
187;monthly issuance;1995-10-15;54.0;20.0;0.0;0.0;11.0;14.0;25.0;0.0;29.0;3029.89;21568.94;1996-08-25;402000;60;6700;1;central Bohemia;149893;63;29;6;2;6;67.4;9753;4.64;5.05;109;5244;5892;;;1980-08-06;M;False
188;weekly issuance;1993-04-20;32.0;10.0;0.0;0.0;0.0;16.0;14.0;2.0;16.0;9740.15;46715.8;1993-10-13;154416;48;3217;1;south Bohemia;70699;60;13;2;1;4;65.3;8968;2.83;3.35;131;1740;1910;;;1969-05-25;F;False
189;monthly issuance;1993-04-29;66.0;15.0;0.0;0.0;15.0;27.0;41.0;1.0;24.0;10342.53;45854.89;1994-02-27;300660;60;5011;1;north Bohemia;128118;9;16;6;3;8;85.3;9317;6.49;7.07;97;6949;6872;;;1950-01-07;M;False
190;monthly issuance;1993-05-23;151.0;32.0;0.0;0.0;34.0;64.0;98.0;0.0;53.0;3142.18;24577.2;1995-03-21;15420;12;1285;1;north Bohemia;128118;9;16;6;3;8;85.3;9317;6.49;7.07;97;6949;6872;;;1965-06-04;F;False
191;monthly issuance;1993-09-22;46.0;1.0;0.0;9.0;8.0;20.0;27.0;1.0;18.0;9689.68;40061.58;1994-06-23;239460;60;3991;1;north Bohemia;128118;9;16;6;3;8;85.3;9317;6.49;7.07;97;6949;6872;;;1942-09-13;F;False
192;weekly issuance;1994-09-02;190.0;40.0;0.0;0.0;19.0;89.0;98.0;10.0;82.0;11952.68;61578.3;1996-06-08;186384;48;3883;1;north Bohemia;128118;9;16;6;3;8;85.3;9317;6.49;7.07;97;6949;6872;;;1959-01-29;M;False
193;issuance after transaction;1996-05-11;31.0;10.0;0.0;0.0;0.0;15.0;14.0;1.0;16.0;14850.77;62778.09;1996-11-06;88440;12;7370;1;north Bohemia;128118;9;16;6;3;8;85.3;9317;6.49;7.07;97;6949;6872;;;1945-07-03;F;True
194;monthly issuance;1993-05-06;79.0;22.0;0.0;0.0;0.0;46.0;43.0;3.0;33.0;14332.41;63707.63;1994-04-06;167100;60;2785;1;south Moravia;145688;22;41;13;2;5;40.7;8544;1.29;1.86;109;2719;2906;;;1970-01-17;F;True
195;monthly issuance;1993-09-21;148.0;22.0;0.0;0.0;47.0;60.0;107.0;0.0;41.0;2960.7;30847.15;1995-05-30;87216;48;1817;1;south Moravia;145688;22;41;13;2;5;40.7;8544;1.29;1.86;109;2719;2906;;;1954-03-16;F;False
196;monthly issuance;1994-07-28;76.0;2.0;0.0;15.0;0.0;45.0;43.0;2.0;31.0;7485.5;42164.03;1995-10-31;37908;12;3159;1;south Moravia;145688;22;41;13;2;5;40.7;8544;1.29;1.86;109;2719;2906;;;1976-05-08;F;False
197;monthly issuance;1995-02-08;88.0;1.0;1.0;15.0;0.0;57.0;49.0;9.0;30.0;13875.42;60781.31;1996-05-18;320592;48;6679;1;south Moravia;145688;22;41;13;2;5;40.7;8544;1.29;1.86;109;2719;2906;classic;1996-02-21;1970-11-09;F;True
198;monthly issuance;1996-03-28;40.0;2.0;0.0;8.0;7.0;16.0;23.0;0.0;17.0;9227.6;37802.23;1996-11-25;182640;48;3805;1;south Moravia;145688;22;41;13;2;5;40.7;8544;1.29;1.86;109;2719;2906;;;1942-04-19;F;False
199;monthly issuance;1996-06-07;17.0;7.0;0.0;0.0;1.0;5.0;6.0;0.0;11.0;8573.59;33613.11;1996-11-15;46176;48;962;1;south Moravia;145688;22;41;13;2;5;40.7;8544;1.29;1.86;109;2719;2906;;;1966-11-03;M;False
200;monthly issuance;1996-06-16;26.0;9.0;0.0;0.0;0.0;13.0;12.0;1.0;13.0;15435.06;62590.42;1996-10-31;192744;36;5354;1;south Moravia;145688;22;41;13;2;5;40.7;8544;1.29;1.86;109;2719;2906;;;1964-03-14;M;True
201;monthly issuance;1993-05-08;126.0;4.0;2.0;15.0;33.0;57.0;83.0;9.0;34.0;10765.98;57141.73;1994-09-02;82896;12;6908;1;south Moravia;110643;49;41;4;1;4;51.9;8441;3.45;4.48;115;1879;2252;classic;1994-02-15;1972-02-06;M;True
202;monthly issuance;1993-06-02;76.0;19.0;0.0;0.0;0.0;43.0;39.0;4.0;33.0;7643.91;37265.66;1994-10-03;192744;36;5354;1;south Moravia;110643;49;41;4;1;4;51.9;8441;3.45;4.48;115;1879;2252;;;1971-09-20;F;True
203;monthly issuance;1994-05-17;5.0;5.0;0.0;0.0;0.0;0.0;0.0;0.0;5.0;4500.0;14900.0;1994-09-28;189696;24;7904;-1;south Moravia;110643;49;41;4;1;4;51.9;8441;3.45;4.48;115;1879;2252;;;1970-02-19;F;False
204;monthly issuance;1995-11-09;44.0;11.0;0.0;0.0;5.0;19.0;24.0;0.0;20.0;4646.67;40005.48;1996-08-02;89340;60;1489;1;south Moravia;110643;49;41;4;1;4;51.9;8441;3.45;4.48;115;1879;2252;;;1971-11-12;F;True
205;monthly issuance;1995-11-09;44.0;11.0;0.0;0.0;5.0;19.0;24.0;0.0;20.0;4662.47;39644.76;1996-08-02;89340;60;1489;1;south Moravia;110643;49;41;4;1;4;51.9;8441;3.45;4.48;115;1879;2252;;;1971-11-12;F;True
206;monthly issuance;1996-03-21;23.0;9.0;0.0;0.0;0.0;9.0;9.0;0.0;14.0;3853.83;30293.71;1996-09-28;54396;36;1511;1;south Moravia;110643;49;41;4;1;4;51.9;8441;3.45;4.48;115;1879;2252;;;1939-07-27;M;False
207;monthly issuance;1993-05-12;17.0;2.0;0.0;4.0;0.0;3.0;3.0;0.0;14.0;9496.93;46318.55;1993-09-13;87840;24;3660;1;central Bohemia;53921;61;22;1;1;2;41.3;8598;2.77;3.26;123;1597;1875;;;1980-02-16;F;True
208;weekly issuance;1994-07-14;146.0;2.0;0.0;21.0;16.0;87.0;91.0;12.0;43.0;14238.08;49477.32;1996-04-10;44628;12;3719;1;central Bohemia;53921;61;22;1;1;2;41.3;8598;2.77;3.26;123;1597;1875;;;1943-11-26;M;False
209;weekly issuance;1995-08-27;12.0;6.0;0.0;0.0;0.0;3.0;3.0;0.0;9.0;16007.96;44763.46;1996-02-10;61656;24;2569;-1;central Bohemia;53921;61;22;1;1;2;41.3;8598;2.77;3.26;123;1597;1875;;;1953-12-25;F;False
210;monthly issuance;1995-10-21;56.0;13.0;0.0;0.0;0.0;32.0;32.0;0.0;24.0;7310.24;41729.62;1996-10-24;262980;60;4383;1;central Bohemia;53921;61;22;1;1;2;41.3;8598;2.77;3.26;123;1597;1875;;;1966-03-09;F;False
211;monthly issuance;1993-06-05;71.0;15.0;0.0;0.0;0.0;44.0;44.0;0.0;27.0;6578.12;34084.46;1994-06-04;300204;36;8339;1;west Bohemia;67298;71;19;10;0;7;43.8;8561;0.65;1.29;110;1029;1127;;;1964-03-13;M;False
212;monthly issuance;1996-06-08;12.0;6.0;0.0;0.0;0.0;3.0;3.0;0.0;9.0;6379.08;25896.47;1996-10-10;64656;48;1347;1;west Bohemia;67298;71;19;10;0;7;43.8;8561;0.65;1.29;110;1029;1127;;;1947-03-19;M;True
213;monthly issuance;1993-06-06;126.0;33.0;0.0;0.0;24.0;56.0;72.0;8.0;46.0;12746.59;51992.85;1994-07-30;299088;36;8308;-1;north Moravia;106054;38;25;6;2;6;63.1;8110;5.77;6.55;109;3244;3079;;;1966-12-10;F;False
214;weekly issuance;1993-11-22;27.0;10.0;0.0;0.0;0.0;5.0;5.0;0.0;22.0;5645.47;32555.82;1994-08-23;45768;12;3814;1;north Moravia;106054;38;25;6;2;6;63.1;8110;5.77;6.55;109;3244;3079;;;1977-05-27;F;False
215;monthly issuance;1995-10-14;107.0;16.0;0.0;0.0;40.0;38.0;78.0;0.0;29.0;4550.3;30869.78;1996-12-27;129408;24;5392;1;north Moravia;106054;38;25;6;2;6;63.1;8110;5.77;6.55;109;3244;3079;;;1962-10-19;F;False
216;monthly issuance;1993-06-07;84.0;27.0;0.0;0.0;11.0;32.0;43.0;0.0;41.0;4538.9;25533.21;1994-09-26;87816;12;7318;1;north Bohemia;105058;32;19;7;2;10;81.0;9272;2.80;3.22;118;4340;4505;;;1961-05-02;M;True
217;monthly issuance;1995-05-15;77.0;2.0;1.0;15.0;0.0;45.0;43.0;3.0;31.0;9452.94;44829.54;1996-08-22;91152;24;3798;1;north Bohemia;105058;32;19;7;2;10;81.0;9272;2.80;3.22;118;4340;4505;classic;1996-08-08;1942-12-10;M;False
218;monthly issuance;1996-03-05;15.0;1.0;0.0;5.0;0.0;5.0;5.0;0.0;10.0;15082.59;51279.55;1996-07-31;162468;36;4513;1;north Bohemia;105058;32;19;7;2;10;81.0;9272;2.80;3.22;118;4340;4505;;;1957-08-23;F;True
219;monthly issuance;1993-06-08;108.0;31.0;0.0;0.0;0.0;63.0;55.0;8.0;45.0;11716.78;46341.29;1995-03-16;99696;48;2077;-1;west Bohemia;88757;60;33;3;2;10;61.7;8554;2.47;2.68;113;1822;2218;;;1971-06-25;F;False
220;weekly issuance;1993-06-11;129.0;2.0;0.0;17.0;39.0;54.0;91.0;2.0;36.0;9244.2;58336.31;1994-12-04;205200;36;5700;1;south Moravia;161954;21;37;20;3;8;48.0;8720;3.73;4.5;116;3729;3651;;;1963-01-25;F;False
221;monthly issuance;1993-06-16;102.0;16.0;0.0;0.0;18.0;42.0;60.0;0.0;42.0;5114.5;32354.03;1994-08-03;189300;60;3155;1;east Bohemia;162580;83;26;5;1;6;72.8;9538;1.51;1.81;111;6079;5410;;;1953-12-05;M;False
222;monthly issuance;1993-08-24;94.0;20.0;0.0;0.0;0.0;56.0;56.0;0.0;38.0;8111.68;45582.45;1995-03-04;28248;24;1177;1;east Bohemia;162580;83;26;5;1;6;72.8;9538;1.51;1.81;111;6079;5410;;;1970-02-10;F;False
223;monthly issuance;1995-04-13;59.0;17.0;0.0;0.0;5.0;27.0;32.0;0.0;27.0;3730.2;27951.91;1996-03-04;213300;36;5925;1;east Bohemia;162580;83;26;5;1;6;72.8;9538;1.51;1.81;111;6079;5410;;;1964-04-22;M;False
224;monthly issuance;1995-10-10;69.0;22.0;0.0;0.0;0.0;31.0;31.0;0.0;38.0;13503.13;72968.38;1996-09-19;174048;48;3626;1;east Bohemia;162580;83;26;5;1;6;72.8;9538;1.51;1.81;111;6079;5410;;;1952-02-16;F;False
225;monthly issuance;1993-06-18;84.0;23.0;0.0;0.0;10.0;40.0;45.0;5.0;34.0;10778.35;44602.64;1994-05-17;272520;60;4542;1;central Bohemia;92084;55;29;4;3;5;46.7;10124;0.56;0.54;141;3810;4316;;;1939-09-02;M;True
226;monthly issuance;1994-01-21;42.0;12.0;0.0;0.0;0.0;17.0;16.0;1.0;25.0;11368.77;60743.96;1994-08-07;172080;48;3585;1;central Bohemia;92084;55;29;4;3;5;46.7;10124;0.56;0.54;141;3810;4316;;;1957-03-05;F;False
227;issuance after transaction;1995-01-08;26.0;1.0;0.0;6.0;2.0;11.0;13.0;0.0;13.0;10807.38;54128.57;1995-07-10;98592;24;4108;1;central Bohemia;92084;55;29;4;3;5;46.7;10124;0.56;0.54;141;3810;4316;;;1963-12-24;F;False
228;monthly issuance;1996-04-20;30.0;2.0;0.0;7.0;0.0;14.0;14.0;0.0;16.0;9151.15;39426.07;1996-12-04;155616;48;3242;1;central Bohemia;92084;55;29;4;3;5;46.7;10124;0.56;0.54;141;3810;4316;;;1959-10-25;F;False
229;monthly issuance;1993-06-20;13.0;1.0;0.0;4.0;0.0;4.0;4.0;0.0;9.0;14122.58;44131.17;1993-11-04;117024;24;4876;1;south Bohemia;177686;69;27;10;1;9;74.8;10045;1.42;1.71;135;6604;6295;;;1935-10-03;M;False
230;weekly issuance;1995-07-17;94.0;29.0;0.0;0.0;0.0;47.0;42.0;5.0;47.0;13519.83;61799.24;1996-05-30;173016;36;4806;1;south Bohemia;177686;69;27;10;1;9;74.8;10045;1.42;1.71;135;6604;6295;;;1945-02-23;F;False
231;monthly issuance;1996-01-19;50.0;13.0;0.0;0.0;6.0;22.0;28.0;0.0;22.0;8521.96;37436.42;1996-11-18;421008;48;8771;1;south Bohemia;177686;69;27;10;1;9;74.8;10045;1.42;1.71;135;6604;6295;;;1953-06-01;M;False
232;monthly issuance;1996-03-27;38.0;2.0;0.0;8.0;4.0;17.0;18.0;3.0;17.0;13585.03;40524.46;1996-11-15;321180;60;5353;1;south Bohemia;177686;69;27;10;1;9;74.8;10045;1.42;1.71;135;6604;6295;;;1936-09-07;M;True
233;issuance after transaction;1993-07-05;19.0;2.0;0.0;5.0;0.0;7.0;7.0;0.0;12.0;7121.92;37510.49;1993-12-08;93888;36;2608;1;south Moravia;86513;38;36;5;1;5;50.5;8288;3.79;4.52;110;1562;1460;;;1950-10-20;F;False
234;monthly issuance;1993-11-05;46.0;11.0;0.0;0.0;10.0;17.0;27.0;0.0;19.0;3932.5;30533.37;1994-07-05;4980;12;415;1;south Moravia;86513;38;36;5;1;5;50.5;8288;3.79;4.52;110;1562;1460;;;1952-07-26;F;False
235;monthly issuance;1994-08-29;17.0;6.0;0.0;0.0;0.0;3.0;3.0;0.0;14.0;8402.38;36999.52;1995-01-03;288468;36;8013;1;south Moravia;86513;38;36;5;1;5;50.5;8288;3.79;4.52;110;1562;1460;;;1958-10-26;F;False
236;monthly issuance;1993-07-20;109.0;25.0;0.0;0.0;0.0;65.0;65.0;0.0;44.0;3896.38;28250.11;1995-03-16;103680;60;1728;-1;east Bohemia;95907;87;25;5;2;7;59.1;8388;2.41;2.94;87;1658;1668;;;1971-06-24;M;False
237;monthly issuance;1994-02-06;177.0;27.0;0.0;0.0;55.0;72.0;127.0;0.0;50.0;4382.09;31814.27;1996-01-03;98832;48;2059;1;east Bohemia;95907;87;25;5;2;7;59.1;8388;2.41;2.94;87;1658;1668;;;1970-09-10;F;False
238;monthly issuance;1993-07-24;65.0;1.0;0.0;10.0;12.0;33.0;43.0;2.0;20.0;15218.43;53379.13;1994-05-21;97632;12;8136;1;south Bohemia;70646;94;14;3;1;4;58.4;8547;2.65;3.64;120;1563;1542;;;1968-09-07;F;False
239;weekly issuance;1993-08-29;51.0;12.0;0.0;0.0;0.0;25.0;23.0;2.0;26.0;5774.42;23979.01;1994-11-12;192552;24;8023;-1;south Bohemia;70646;94;14;3;1;4;58.4;8547;2.65;3.64;120;1563;1542;;;1963-12-31;F;False
240;monthly issuance;1994-05-10;144.0;21.0;0.0;0.0;39.0;52.0;91.0;0.0;53.0;5581.28;34922.88;1995-10-14;266220;60;4437;1;south Bohemia;70646;94;14;3;1;4;58.4;8547;2.65;3.64;120;1563;1542;;;1965-02-17;F;False
241;weekly issuance;1994-08-01;82.0;17.0;0.0;0.0;0.0;47.0;44.0;3.0;35.0;7562.67;34740.7;1996-02-03;128988;36;3583;-1;south Bohemia;70646;94;14;3;1;4;58.4;8547;2.65;3.64;120;1563;1542;;;1939-08-15;M;False
242;monthly issuance;1994-12-02;128.0;3.0;0.0;17.0;24.0;50.0;73.0;1.0;54.0;6331.02;36907.46;1996-05-06;220620;60;3677;1;south Bohemia;70646;94;14;3;1;4;58.4;8547;2.65;3.64;120;1563;1542;;;1943-08-15;F;False
243;monthly issuance;1993-07-28;36.0;3.0;0.0;8.0;3.0;15.0;16.0;2.0;18.0;9999.52;32558.53;1994-03-16;91200;24;3800;1;north Bohemia;119895;17;4;3;2;4;89.9;10446;7.34;9.4;90;4947;4743;;;1955-08-26;F;True
244;monthly issuance;1995-02-06;51.0;14.0;0.0;0.0;10.0;18.0;28.0;0.0;23.0;2445.33;23255.15;1995-11-23;73056;48;1522;1;north Bohemia;119895;17;4;3;2;4;89.9;10446;7.34;9.4;90;4947;4743;;;1970-12-18;M;True
245;monthly issuance;1995-04-26;19.0;9.0;0.0;0.0;0.0;5.0;5.0;0.0;14.0;16708.06;55315.17;1995-10-31;73836;36;2051;1;north Bohemia;119895;17;4;3;2;4;89.9;10446;7.34;9.4;90;4947;4743;;;1967-05-29;F;False
246;issuance after transaction;1995-11-23;65.0;13.0;0.0;0.0;24.0;16.0;40.0;0.0;25.0;5789.86;28359.26;1996-12-11;123408;24;5142;1;north Bohemia;119895;17;4;3;2;4;89.9;10446;7.34;9.4;90;4947;4743;gold;1996-07-03;1964-10-14;M;False
247;monthly issuance;1993-08-04;147.0;2.0;0.0;18.0;41.0;69.0;101.0;9.0;37.0;9898.48;47220.13;1995-01-18;68112;12;5676;1;north Moravia;138032;67;30;4;2;5;64.6;8819;5.38;5.66;99;4063;4505;;;1977-11-30;F;False
248;monthly issuance;1993-10-10;13.0;6.0;0.0;0.0;0.0;3.0;3.0;0.0;10.0;8281.61;33229.11;1994-03-01;182628;36;5073;1;north Moravia;138032;67;30;4;2;5;64.6;8819;5.38;5.66;99;4063;4505;;;1959-05-23;M;False
249;monthly issuance;1993-08-05;117.0;32.0;0.0;0.0;12.0;56.0;65.0;3.0;49.0;12180.79;63857.24;1995-01-08;48624;24;2026;1;east Bohemia;139012;59;41;8;3;10;61.9;8363;2.52;3.49;108;2564;2799;;;1961-09-30;M;False
250;monthly issuance;1993-08-16;68.0;1.0;0.0;13.0;0.0;42.0;38.0;4.0;26.0;14438.21;46230.34;1994-09-11;209184;48;4358;1;east Bohemia;139012;59;41;8;3;10;61.9;8363;2.52;3.49;108;2564;2799;;;1953-06-18;M;False
251;monthly issuance;1993-11-03;156.0;36.0;0.0;0.0;42.0;62.0;95.0;9.0;52.0;8573.48;49916.09;1995-04-05;158976;48;3312;1;east Bohemia;139012;59;41;8;3;10;61.9;8363;2.52;3.49;108;2564;2799;;;1939-01-09;M;False
252;weekly issuance;1994-07-10;76.0;14.0;0.0;0.0;10.0;36.0;43.0;3.0;30.0;7289.58;30639.86;1995-12-11;27984;12;2332;1;east Bohemia;139012;59;41;8;3;10;61.9;8363;2.52;3.49;108;2564;2799;;;1949-02-16;M;False
253;monthly issuance;1995-01-25;100.0;29.0;0.0;0.0;0.0;58.0;52.0;6.0;42.0;14274.57;59647.42;1996-02-21;290700;60;4845;-1;east Bohemia;139012;59;41;8;3;10;61.9;8363;2.52;3.49;108;2564;2799;;;1959-02-27;F;False
254;monthly issuance;1995-03-14;102.0;1.0;0.0;20.0;0.0;62.0;58.0;4.0;40.0;14376.88;75686.07;1996-11-19;72120;12;6010;1;east Bohemia;139012;59;41;8;3;10;61.9;8363;2.52;3.49;108;2564;2799;;;1952-11-10;F;True
255;monthly issuance;1995-11-09;79.0;15.0;0.0;0.0;24.0;32.0;51.0;5.0;23.0;9939.87;46772.32;1996-07-27;133968;48;2791;1;east Bohemia;139012;59;41;8;3;10;61.9;8363;2.52;3.49;108;2564;2799;classic;1996-05-31;1943-05-30;M;True
256;monthly issuance;1996-02-04;18.0;8.0;0.0;0.0;0.0;5.0;5.0;0.0;13.0;14106.12;45100.42;1996-08-22;141648;24;5902;1;east Bohemia;139012;59;41;8;3;10;61.9;8363;2.52;3.49;108;2564;2799;;;1952-07-17;M;True
257;monthly issuance;1993-08-10;95.0;21.0;0.0;0.0;0.0;59.0;55.0;4.0;36.0;6726.89;26746.53;1995-01-03;177744;48;3703;-1;north Moravia;161227;5;35;11;4;10;69.7;8678;5.93;5.57;102;4980;4595;;;1972-03-13;M;False
258;monthly issuance;1994-12-23;89.0;3.0;0.0;15.0;10.0;47.0;53.0;4.0;32.0;6653.9;31791.33;1996-03-21;154656;48;3222;1;north Moravia;161227;5;35;11;4;10;69.7;8678;5.93;5.57;102;4980;4595;;;1956-11-28;M;False
259;monthly issuance;1993-08-28;58.0;20.0;0.0;0.0;0.0;28.0;28.0;0.0;30.0;3499.29;19256.89;1994-07-08;276660;36;7685;-1;south Moravia;124605;11;42;14;1;8;46.0;8772;4.69;4.98;126;2854;3158;;;1949-05-18;M;False
260;monthly issuance;1993-10-14;42.0;3.0;0.0;8.0;4.0;20.0;20.0;4.0;18.0;10168.95;38426.73;1994-06-29;244560;60;4076;1;south Moravia;124605;11;42;14;1;8;46.0;8772;4.69;4.98;126;2854;3158;;;1967-07-19;F;False
261;monthly issuance;1993-12-02;61.0;12.0;0.0;0.0;12.0;27.0;36.0;3.0;22.0;8953.22;49084.38;1994-11-03;123696;48;2577;1;south Moravia;124605;11;42;14;1;8;46.0;8772;4.69;4.98;126;2854;3158;;;1940-08-27;M;False
262;monthly issuance;1993-09-07;102.0;2.0;0.0;13.0;34.0;41.0;70.0;5.0;27.0;9343.39;57219.57;1994-09-30;141240;24;5885;1;east Bohemia;102609;75;33;2;3;6;52.0;8187;4.83;5.45;94;2123;2134;;;1962-09-11;M;False
263;monthly issuance;1993-09-13;16.0;7.0;0.0;0.0;0.0;5.0;5.0;0.0;11.0;14293.41;44735.43;1994-02-23;197748;36;5493;1;east Bohemia;102609;75;33;2;3;6;52.0;8187;4.83;5.45;94;2123;2134;;;1970-05-05;F;True
264;monthly issuance;1995-01-03;77.0;21.0;0.0;0.0;0.0;45.0;37.0;8.0;32.0;14958.59;64881.31;1996-01-01;135360;48;2820;1;east Bohemia;102609;75;33;2;3;6;52.0;8187;4.83;5.45;94;2123;2134;junior;1995-10-24;1975-09-24;M;False
265;monthly issuance;1993-09-08;37.0;11.0;0.0;0.0;0.0;18.0;18.0;0.0;19.0;10704.75;56927.45;1994-05-26;25944;24;1081;1;north Bohemia;118650;8;8;5;1;3;85.6;9832;3.32;4.48;114;6445;5471;;;1960-05-21;F;False
266;monthly issuance;1995-01-15;16.0;7.0;0.0;0.0;1.0;4.0;5.0;0.0;11.0;7546.89;30953.14;1995-06-24;198240;24;8260;1;north Bohemia;118650;8;8;5;1;3;85.6;9832;3.32;4.48;114;6445;5471;;;1956-02-18;M;False
267;monthly issuance;1993-09-13;137.0;27.0;0.0;0.0;34.0;55.0;89.0;0.0;48.0;2567.84;24643.28;1995-07-03;60000;60;1000;1;north Moravia;226122;32;50;7;4;4;62.6;8994;3.80;4.79;110;9672;9208;;;1946-10-15;M;False
268;issuance after transaction;1993-10-25;29.0;12.0;0.0;0.0;0.0;9.0;9.0;0.0;20.0;16951.03;63579.22;1994-05-10;193968;36;5388;1;north Moravia;226122;32;50;7;4;4;62.6;8994;3.80;4.79;110;9672;9208;;;1972-12-03;M;False
269;weekly issuance;1994-08-30;130.0;32.0;0.0;0.0;19.0;59.0;75.0;3.0;52.0;6844.43;33219.9;1996-05-24;161496;36;4486;1;north Moravia;226122;32;50;7;4;4;62.6;8994;3.80;4.79;110;9672;9208;;;1971-07-24;M;False
270;weekly issuance;1995-01-17;56.0;1.0;0.0;11.0;0.0;34.0;31.0;3.0;22.0;16045.61;58185.59;1995-12-31;309600;48;6450;1;north Moravia;226122;32;50;7;4;4;62.6;8994;3.80;4.79;110;9672;9208;;;1975-06-26;M;False
271;monthly issuance;1995-01-18;35.0;1.0;0.0;8.0;4.0;15.0;19.0;0.0;16.0;17429.0;56105.5;1995-09-16;309552;48;6449;1;north Moravia;226122;32;50;7;4;4;62.6;8994;3.80;4.79;110;9672;9208;;;1935-01-29;M;False
272;monthly issuance;1995-01-21;172.0;26.0;0.0;0.0;36.0;66.0;102.0;0.0;70.0;4895.97;44197.51;1996-12-12;155616;48;3242;1;north Moravia;226122;32;50;7;4;4;62.6;8994;3.80;4.79;110;9672;9208;;;1971-04-10;F;True
273;monthly issuance;1995-01-29;57.0;1.0;0.0;10.0;6.0;30.0;33.0;3.0;21.0;12666.78;49107.07;1995-12-04;217152;36;6032;1;north Moravia;226122;32;50;7;4;4;62.6;8994;3.80;4.79;110;9672;9208;classic;1995-11-22;1974-07-07;M;False
274;monthly issuance;1996-03-09;25.0;12.0;0.0;0.0;0.0;9.0;9.0;0.0;16.0;19621.45;66292.37;1996-07-28;187104;24;7796;1;north Moravia;226122;32;50;7;4;4;62.6;8994;3.80;4.79;110;9672;9208;;;1977-05-10;F;False
275;monthly issuance;1996-05-15;11.0;1.0;0.0;4.0;0.0;2.0;2.0;0.0;9.0;8271.87;28977.44;1996-09-11;29448;12;2454;-1;north Moravia;226122;32;50;7;4;4;62.6;8994;3.80;4.79;110;9672;9208;;;1947-10-21;M;False
276;monthly issuance;1993-10-25;74.0;2.0;0.0;13.0;9.0;37.0;42.0;4.0;28.0;7353.53;33658.62;1994-12-11;199680;60;3328;1;central Bohemia;95616;65;30;4;1;6;51.4;9307;3.85;4.43;118;2616;3040;;;1949-05-23;M;False
277;monthly issuance;1994-03-18;58.0;12.0;0.0;0.0;7.0;29.0;36.0;0.0;22.0;8499.93;33687.86;1995-02-17;538500;60;8975;1;central Bohemia;95616;65;30;4;1;6;51.4;9307;3.85;4.43;118;2616;3040;;;1960-06-28;M;False
278;weekly issuance;1994-11-15;49.0;17.0;0.0;0.0;0.0;25.0;18.0;7.0;24.0;10411.72;49651.89;1995-07-25;285600;60;4760;1;central Bohemia;95616;65;30;4;1;6;51.4;9307;3.85;4.43;118;2616;3040;;;1980-12-07;F;True
279;monthly issuance;1995-06-19;105.0;14.0;0.0;0.0;36.0;42.0;78.0;0.0;27.0;5793.88;45183.35;1996-08-04;155640;24;6485;1;central Bohemia;95616;65;30;4;1;6;51.4;9307;3.85;4.43;118;2616;3040;;;1943-01-07;F;False
280;monthly issuance;1993-11-14;165.0;48.0;0.0;0.0;17.0;81.0;87.0;11.0;67.0;14454.31;63889.87;1995-06-13;139536;24;5814;1;south Moravia;117897;139;28;5;1;6;53.8;8814;4.76;5.74;107;2112;2059;;;1941-09-13;F;False
281;monthly issuance;1994-02-08;69.0;2.0;0.0;12.0;0.0;43.0;40.0;3.0;26.0;14188.26;68377.06;1995-02-06;43164;12;3597;1;south Moravia;117897;139;28;5;1;6;53.8;8814;4.76;5.74;107;2112;2059;;;1976-01-06;F;False
282;monthly issuance;1994-06-17;51.0;13.0;0.0;0.0;0.0;29.0;29.0;0.0;22.0;5452.34;31185.16;1995-04-25;225420;60;3757;1;south Moravia;117897;139;28;5;1;6;53.8;8814;4.76;5.74;107;2112;2059;;;1948-08-03;F;False
283;monthly issuance;1994-10-01;147.0;1.0;2.0;22.0;34.0;66.0;101.0;1.0;45.0;8708.72;36480.19;1996-08-06;54024;12;4502;1;south Moravia;117897;139;28;5;1;6;53.8;8814;4.76;5.74;107;2112;2059;classic;1995-06-13;1968-04-13;M;False
284;monthly issuance;1993-11-21;28.0;1.0;0.0;6.0;1.0;14.0;11.0;4.0;13.0;16935.55;53976.29;1994-06-03;151560;24;6315;1;south Moravia;125832;151;41;2;3;5;48.3;8512;3.51;4.12;102;2247;2103;;;1953-05-05;M;False
285;monthly issuance;1993-11-26;30.0;7.0;0.0;0.0;8.0;10.0;18.0;0.0;12.0;6642.55;38709.83;1994-05-31;104808;12;8734;1;south Moravia;125832;151;41;2;3;5;48.3;8512;3.51;4.12;102;2247;2103;;;1939-11-30;M;True
286;monthly issuance;1994-01-14;103.0;21.0;0.0;0.0;0.0;65.0;65.0;0.0;38.0;8579.53;27778.75;1995-07-09;465072;48;9689;1;south Moravia;125832;151;41;2;3;5;48.3;8512;3.51;4.12;102;2247;2103;;;1948-05-08;M;True
287;monthly issuance;1994-04-08;16.0;1.0;0.0;5.0;1.0;5.0;6.0;0.0;10.0;24948.66;63494.2;1994-08-27;79632;24;3318;1;south Moravia;125832;151;41;2;3;5;48.3;8512;3.51;4.12;102;2247;2103;;;1959-08-10;F;False
288;monthly issuance;1994-10-22;182.0;38.0;0.0;0.0;48.0;76.0;117.0;7.0;58.0;11574.08;60030.74;1996-06-03;368880;60;6148;1;south Moravia;125832;151;41;2;3;5;48.3;8512;3.51;4.12;102;2247;2103;;;1974-08-04;M;True
289;monthly issuance;1993-11-26;95.0;15.0;0.0;0.0;20.0;46.0;66.0;0.0;29.0;7707.41;43846.98;1995-02-12;79920;60;1332;1;west Bohemia;170449;0;0;0;1;1;100.0;10787;2.64;3.09;131;6041;6261;;;1953-04-05;M;False
290;monthly issuance;1995-02-08;12.0;6.0;0.0;0.0;0.0;3.0;3.0;0.0;9.0;6943.35;27626.08;1995-06-13;29784;24;1241;1;west Bohemia;170449;0;0;0;1;1;100.0;10787;2.64;3.09;131;6041;6261;;;1969-12-25;F;True
291;weekly issuance;1995-02-13;60.0;17.0;0.0;0.0;6.0;24.0;30.0;0.0;30.0;9995.91;35914.85;1996-04-21;249312;48;5194;1;west Bohemia;170449;0;0;0;1;1;100.0;10787;2.64;3.09;131;6041;6261;;;1955-05-21;M;False
292;monthly issuance;1993-12-11;120.0;22.0;0.0;0.0;33.0;50.0;83.0;0.0;37.0;5453.37;36063.79;1995-04-28;248148;36;6893;1;west Bohemia;72541;66;26;10;0;8;36.9;8594;1.62;2.01;112;1580;1525;;;1940-07-24;F;False
293;monthly issuance;1994-02-25;75.0;24.0;0.0;0.0;8.0;30.0;38.0;0.0;37.0;3313.36;22927.5;1995-04-01;156672;36;4352;1;west Bohemia;72541;66;26;10;0;8;36.9;8594;1.62;2.01;112;1580;1525;;;1956-04-25;F;False
294;monthly issuance;1994-09-03;186.0;24.0;8.0;0.0;68.0;65.0;141.0;0.0;45.0;4858.98;37213.41;1996-06-15;30060;60;501;1;west Bohemia;72541;66;26;10;0;8;36.9;8594;1.62;2.01;112;1580;1525;classic;1996-01-01;1951-09-06;M;False
295;monthly issuance;1993-12-13;88.0;21.0;0.0;0.0;0.0;50.0;40.0;10.0;38.0;10834.72;42084.31;1995-05-01;187224;24;7801;-1;south Moravia;114200;101;41;4;1;4;43.7;8403;5.74;5.72;105;2157;2718;;;1947-10-08;M;False
296;monthly issuance;1994-07-09;14.0;1.0;0.0;4.0;0.0;3.0;3.0;0.0;11.0;9311.16;41660.39;1994-10-28;98184;24;4091;1;south Moravia;114200;101;41;4;1;4;43.7;8403;5.74;5.72;105;2157;2718;;;1945-06-12;F;False
297;issuance after transaction;1994-07-22;144.0;49.0;0.0;0.0;0.0;80.0;76.0;4.0;64.0;17859.13;75924.24;1995-11-22;244368;48;5091;1;south Moravia;114200;101;41;4;1;4;43.7;8403;5.74;5.72;105;2157;2718;;;1970-04-02;M;False
298;monthly issuance;1995-02-20;71.0;4.0;0.0;11.0;14.0;31.0;43.0;2.0;26.0;6453.48;33990.42;1996-02-13;113544;36;3154;1;south Moravia;114200;101;41;4;1;4;43.7;8403;5.74;5.72;105;2157;2718;;;1942-09-18;M;False
299;monthly issuance;1995-09-09;35.0;2.0;0.0;8.0;3.0;15.0;17.0;1.0;17.0;11032.89;47938.07;1996-04-15;200976;48;4187;1;south Moravia;114200;101;41;4;1;4;43.7;8403;5.74;5.72;105;2157;2718;;;1955-02-20;M;False
300;monthly issuance;1994-05-21;116.0;31.0;0.0;0.0;15.0;51.0;66.0;0.0;50.0;3217.27;24377.37;1996-01-12;165120;60;2752;1;east Bohemia;121947;37;28;7;3;11;70.5;8541;2.51;2.97;131;3496;3839;;;1950-03-18;F;True
301;monthly issuance;1994-06-29;96.0;19.0;0.0;0.0;9.0;40.0;49.0;0.0;47.0;3377.43;30461.4;1995-09-03;85860;60;1431;1;central Bohemia;88884;80;26;6;2;5;46.7;8507;1.67;1.85;132;2159;2674;;;1955-10-20;F;False
302;monthly issuance;1995-02-13;23.0;1.0;0.0;6.0;2.0;9.0;11.0;0.0;12.0;17488.55;50214.5;1995-08-11;107640;24;4485;1;central Bohemia;88884;80;26;6;2;5;46.7;8507;1.67;1.85;132;2159;2674;;;1959-11-22;F;False
303;monthly issuance;1994-08-27;51.0;14.0;0.0;0.0;5.0;23.0;28.0;0.0;23.0;9715.85;41077.64;1995-08-05;20220;12;1685;1;central Bohemia;81344;61;23;4;2;6;55.3;8899;3.39;3.97;149;2987;2487;;;1973-05-15;F;False
304;monthly issuance;1994-12-08;32.0;10.0;0.0;0.0;3.0;12.0;15.0;0.0;17.0;6617.94;36548.82;1995-08-01;44088;24;1837;1;central Bohemia;81344;61;23;4;2;6;55.3;8899;3.39;3.97;149;2987;2487;;;1951-06-25;F;False
305;monthly issuance;1995-12-17;55.0;11.0;0.0;0.0;15.0;19.0;34.0;0.0;21.0;7856.41;40078.71;1996-10-20;93600;24;3900;1;central Bohemia;81344;61;23;4;2;6;55.3;8899;3.39;3.97;149;2987;2487;;;1972-06-23;M;False
306;monthly issuance;1994-09-03;105.0;3.0;0.0;14.0;30.0;44.0;70.0;4.0;31.0;5890.41;41502.03;1995-11-02;41952;12;3496;1;east Bohemia;161854;73;21;6;1;6;76.3;9425;1.72;2.5;125;4085;3891;;;1972-12-10;M;False
307;monthly issuance;1995-03-24;107.0;24.0;0.0;0.0;22.0;46.0;68.0;0.0;39.0;2772.76;25906.41;1996-07-18;32640;48;680;1;east Bohemia;161854;73;21;6;1;6;76.3;9425;1.72;2.5;125;4085;3891;;;1942-10-15;M;False
308;monthly issuance;1995-07-29;48.0;17.0;0.0;0.0;4.0;19.0;22.0;1.0;25.0;8082.34;32434.69;1996-11-15;359760;60;5996;1;east Bohemia;161854;73;21;6;1;6;76.3;9425;1.72;2.5;125;4085;3891;;;1979-05-31;M;False
309;monthly issuance;1994-10-13;142.0;33.0;0.0;0.0;16.0;75.0;83.0;8.0;51.0;12237.18;63263.15;1996-07-15;155880;24;6495;1;north Bohemia;114006;71;26;6;2;9;62.3;9065;4.46;5.39;123;4147;4166;;;1968-10-30;F;True
310;monthly issuance;1994-11-15;94.0;1.0;0.0;18.0;0.0;58.0;54.0;4.0;36.0;14790.5;64182.64;1996-05-29;284280;60;4738;1;north Bohemia;114006;71;26;6;2;9;62.3;9065;4.46;5.39;123;4147;4166;;;1958-09-15;F;True
311;weekly issuance;1996-02-19;54.0;1.0;0.0;8.0;15.0;22.0;32.0;5.0;17.0;8948.18;44948.63;1996-11-03;68544;24;2856;1;north Bohemia;114006;71;26;6;2;9;62.3;9065;4.46;5.39;123;4147;4166;;;1976-09-16;M;True
312;issuance after transaction;1994-11-17;120.0;33.0;0.0;0.0;0.0;66.0;58.0;8.0;54.0;7319.42;21371.32;1996-08-24;388512;48;8094;-1;north Moravia;42821;4;13;5;1;3;48.4;8173;?;7.01;124;?;1358;;;1969-03-13;F;False
313;monthly issuance;1995-06-13;61.0;12.0;0.0;0.0;0.0;31.0;31.0;0.0;30.0;5273.67;21447.62;1996-04-11;215616;48;4492;-1;north Moravia;42821;4;13;5;1;3;48.4;8173;?;7.01;124;?;1358;;;1957-02-17;M;False
314;weekly issuance;1996-06-09;19.0;9.0;0.0;0.0;0.0;7.0;7.0;0.0;12.0;14769.1;56910.69;1996-09-22;84120;24;3505;1;north Moravia;42821;4;13;5;1;3;48.4;8173;?;7.01;124;?;1358;;;1950-03-02;F;False
315;monthly issuance;1995-01-02;178.0;31.0;0.0;0.0;64.0;66.0;127.0;3.0;48.0;8064.27;43657.81;1996-06-29;46320;24;1930;1;north Bohemia;133777;24;17;7;3;11;84.7;8705;5.75;7.61;116;4650;4859;;;1979-02-14;M;False
316;monthly issuance;1995-03-15;87.0;26.0;0.0;0.0;16.0;36.0;46.0;6.0;35.0;12113.76;53685.79;1995-12-12;191880;60;3198;1;south Bohemia;103347;87;16;7;1;7;67.0;9104;1.51;2.07;123;2299;2354;;;1949-03-08;M;False
317;monthly issuance;1995-04-07;92.0;9.0;0.0;13.0;0.0;34.0;32.0;2.0;58.0;5028.05;31318.87;1996-04-29;30276;12;2523;-1;south Bohemia;103347;87;16;7;1;7;67.0;9104;1.51;2.07;123;2299;2354;;;1939-04-23;F;False
318;monthly issuance;1995-04-07;80.0;9.0;0.0;13.0;0.0;34.0;32.0;2.0;46.0;5856.3;25197.09;1996-04-29;30276;12;2523;-1;south Bohemia;103347;87;16;7;1;7;67.0;9104;1.51;2.07;123;2299;2354;;;1939-04-23;F;False
319;monthly issuance;1995-04-03;48.0;13.0;0.0;0.0;5.0;21.0;26.0;0.0;22.0;3609.74;31814.41;1996-01-11;20352;48;424;1;south Moravia;109164;98;16;6;1;4;63.6;8757;3.38;3.95;96;2212;2471;;;1948-03-05;F;True
320;monthly issuance;1995-05-27;87.0;3.0;0.0;15.0;10.0;45.0;50.0;5.0;32.0;12403.51;47654.24;1996-08-06;270384;48;5633;1;central Bohemia;75232;55;26;4;1;5;41.7;8980;1.95;2.21;111;2824;2813;;;1962-04-07;M;False
321;monthly issuance;1995-06-15;91.0;23.0;0.0;0.0;0.0;53.0;52.0;1.0;38.0;12668.32;56669.79;1996-09-25;194940;36;5415;1;central Bohemia;112065;95;19;7;1;8;69.4;11277;1.25;1.44;127;5179;4987;;;1964-10-30;M;False
322;monthly issuance;1995-08-27;31.0;7.0;0.0;0.0;0.0;12.0;12.0;0.0;19.0;8131.07;31532.75;1996-09-26;139464;36;3874;-1;north Moravia;182027;17;49;12;2;7;56.4;8746;3.33;3.74;90;4355;4433;;;1958-08-12;M;False
323;weekly issuance;1995-12-27;10.0;4.0;0.0;0.0;0.0;3.0;3.0;0.0;7.0;13609.12;34798.28;1996-05-14;66480;24;2770;-1;north Moravia;182027;17;49;12;2;7;56.4;8746;3.33;3.74;90;4355;4433;;;1935-07-21;M;False
324;monthly issuance;1995-12-15;82.0;27.0;0.0;0.0;6.0;39.0;41.0;4.0;37.0;17234.72;76232.7;1996-11-09;110112;24;4588;1;south Moravia;107911;88;33;6;2;7;50.9;8240;2.53;3.56;99;1850;1903;;;1963-10-12;M;False
325;weekly issuance;1996-01-28;29.0;8.0;0.0;0.0;0.0;15.0;13.0;2.0;14.0;11379.26;37095.84;1996-08-28;253512;36;7042;-1;south Moravia;108871;41;29;7;2;6;62.1;8444;3.24;3.47;106;2595;2305;;;1945-08-07;F;False
326;weekly issuance;1996-02-01;31.0;3.0;0.0;7.0;3.0;12.0;14.0;1.0;16.0;7832.08;32435.32;1996-08-20;148920;60;2482;1;south Moravia;108871;41;29;7;2;6;62.1;8444;3.24;3.47;106;2595;2305;;;1977-08-03;M;False
327;monthly issuance;1996-02-12;19.0;2.0;0.0;5.0;0.0;4.0;4.0;0.0;15.0;7206.16;31337.26;1996-07-14;85716;36;2381;1;south Bohemia;74062;99;15;4;2;7;61.4;8114;2.38;2.62;119;1003;1181;;;1938-05-03;M;True
