loan_id;loan status;age at loan (Years);acc age at loan (Years);# trans;oper #1;oper #2;oper #3;oper #4;oper #5;type #1;type #2;type #3;avg trans amount;avg trans balance;loan amount;loan duration (mths);loan payments;no. of inhabitants;no. of municipalities with inhabitants < 499 ;no. of municipalities with inhabitants 500-1999;no. of municipalities with inhabitants 2000-9999 ;no. of municipalities with inhabitants >10000 ;no. of cities ;ratio of urban inhabitants ;average salary ;no. of enterpreneurs per 1000 inhabitants ;sex;has disponent;unemploymant rate;no. of commited crimes per capita;account_year;account_month;account_day;loan_year;loan_month;loan_day;birth_year;birth_month;birth_day;frequency_issuance after transaction;frequency_monthly issuance;frequency_weekly issuance;card_owner;card type_None;card type_classic;card type_gold;card type_junior
6173;;57.70294318959617;1.7248459958932238;176.0;3.0;0.0;20.0;61.0;72.0;126.0;7.0;43.0;7217.39;40175.61;232560;48;4845;177686;69;27;10;1;9;74.8;10045;135;F;False;1.565;0.03629717591706719;1995;4;19;1997;1;8;1939;4;27;1;0;0;0;1;0;0;0
5889;;28.046543463381244;1.434633812457221;136.0;38.0;0.0;0.0;0.0;81.0;74.0;7.0;55.0;13228.34;76826.46;321240;60;5354;177686;69;27;10;1;9;74.8;10045;135;M;False;1.565;0.03629717591706719;1996;9;3;1998;2;9;1970;1;23;0;1;0;0;1;0;0;0
6705;;21.0403832991102;0.8514715947980835;97.0;25.0;0.0;0.0;14.0;40.0;50.0;4.0;43.0;12692.52;61748.7;333648;48;6951;177686;69;27;10;1;9;74.8;10045;135;F;False;1.565;0.03629717591706719;1996;9;17;1997;7;25;1976;7;10;0;1;0;0;1;0;0;0
5036;;25.87816563997262;1.5852156057494866;99.0;21.0;0.0;0.0;0.0;60.0;60.0;0.0;39.0;7918.74;30173.12;91248;48;1901;177686;69;27;10;1;9;74.8;10045;135;F;False;1.565;0.03629717591706719;1997;4;25;1998;11;25;1973;1;8;0;1;0;0;1;0;0;0
7115;;36.34496919917864;1.834360027378508;131.0;33.0;0.0;0.0;18.0;58.0;76.0;0.0;55.0;2751.43;18675.06;88704;48;1848;87419;21;11;4;3;9;85.5;8624;102;F;True;2.225;0.03475789016117778;1995;5;4;1997;3;4;1960;10;29;0;1;0;0;1;0;0;0
6605;;46.36002737850787;1.5523613963039014;105.0;29.0;0.0;0.0;15.0;43.0;58.0;0.0;47.0;2747.93;23918.49;79344;48;1653;87419;21;11;4;3;9;85.5;8624;102;F;False;2.225;0.03475789016117778;1996;3;26;1997;10;14;1951;6;5;0;1;0;0;1;0;0;0
6095;;43.860369609856264;1.6892539356605065;114.0;21.0;0.0;0.0;15.0;59.0;74.0;0.0;40.0;9042.85;41735.42;68340;60;1139;149893;63;29;6;2;6;67.4;9753;109;M;False;4.845;0.03714649783512239;1995;5;18;1997;1;24;1953;3;16;0;1;0;0;1;0;0;0
6075;;24.10130047912389;1.8726899383983573;152.0;40.0;0.0;0.0;0.0;90.0;76.0;14.0;62.0;12539.06;45330.92;129312;24;5388;149893;63;29;6;2;6;67.4;9753;109;F;False;4.845;0.03714649783512239;1996;1;12;1997;11;26;1973;10;20;0;1;0;0;1;0;0;0
7049;;38.34907597535934;0.6954140999315537;49.0;2.0;0.0;8.0;16.0;16.0;32.0;0.0;17.0;13561.89;54476.86;233424;36;6484;149893;63;29;6;2;6;67.4;9753;109;M;False;4.845;0.03714649783512239;1996;10;13;1997;6;24;1959;2;17;0;0;1;0;1;0;0;0
7250;;33.80424366872006;1.754962354551677;119.0;23.0;0.0;0.0;0.0;75.0;71.0;4.0;44.0;6722.08;42572.41;119136;48;2482;114006;71;26;6;2;9;62.3;9065;123;F;False;4.925;0.03645860744171359;1995;6;2;1997;3;4;1963;5;15;0;1;0;0;1;0;0;0
6875;;55.35386721423682;1.7193702943189597;139.0;23.0;0.0;0.0;0.0;76.0;76.0;0.0;63.0;4958.8;39962.47;83280;48;1735;114006;71;26;6;2;9;62.3;9065;123;F;False;4.925;0.03645860744171359;1995;6;24;1997;3;13;1941;11;4;0;1;0;0;1;0;0;0
5773;;37.7741273100616;1.9082819986310748;112.0;22.0;0.0;0.0;0.0;68.0;67.0;1.0;44.0;9549.22;42220.03;133848;24;5577;114006;71;26;6;2;9;62.3;9065;123;F;False;4.925;0.03645860744171359;1996;4;18;1998;3;16;1960;6;6;0;1;0;0;1;0;0;0
5365;;27.531827515400412;1.2539356605065024;73.0;19.0;0.0;0.0;10.0;30.0;40.0;0.0;33.0;4752.29;14873.38;271260;60;4521;114006;71;26;6;2;9;62.3;9065;123;M;False;4.925;0.03645860744171359;1997;4;17;1998;7;19;1971;1;6;0;1;0;0;1;0;0;0
5358;;57.12799452429842;1.6344969199178645;114.0;33.0;0.0;0.0;16.0;46.0;62.0;0.0;52.0;2373.27;20231.31;38520;12;3210;95907;87;25;5;2;7;59.1;8388;87;M;False;2.675;0.017339714515103175;1995;6;4;1997;1;21;1939;12;6;0;1;0;0;1;0;0;0
5674;;34.652977412731005;0.7693360711841205;58.0;19.0;0.0;0.0;0.0;32.0;28.0;4.0;26.0;14578.79;61345.1;207264;48;4318;95907;87;25;5;2;7;59.1;8388;87;M;True;2.675;0.017339714515103175;1996;9;2;1997;6;10;1962;10;15;1;0;0;0;1;0;0;0
5042;;25.127994524298426;1.6290212183436004;101.0;21.0;0.0;0.0;0.0;61.0;61.0;0.0;40.0;9274.98;42007.37;331584;48;6908;95907;87;25;5;2;7;59.1;8388;87;F;True;2.675;0.017339714515103175;1996;11;24;1998;7;12;1973;5;26;0;1;0;0;1;0;0;0
5589;;50.47775496235455;1.3963039014373717;44.0;18.0;0.0;0.0;6.0;15.0;21.0;0.0;23.0;10797.13;48798.7;390000;48;8125;95907;87;25;5;2;7;59.1;8388;87;M;False;2.675;0.017339714515103175;1997;1;11;1998;6;5;1947;12;13;1;0;0;0;1;0;0;0
5384;;33.37987679671458;0.511978097193703;27.0;8.0;0.0;0.0;2.0;11.0;13.0;0.0;14.0;7965.13;40311.64;23328;12;1944;95907;87;25;5;2;7;59.1;8388;87;F;True;2.675;0.017339714515103175;1997;9;1;1998;3;7;1964;10;19;0;1;0;0;1;0;0;0
5878;;41.05133470225873;1.7412731006160165;190.0;23.0;0.0;0.0;68.0;78.0;146.0;0.0;44.0;5633.2;44234.83;74040;12;6170;182027;17;49;12;2;7;56.4;8746;90;F;False;3.535;0.024139276041466377;1995;7;5;1997;4;1;1956;3;13;0;1;0;0;1;0;0;0
6655;;47.32922655715264;1.5249828884325805;127.0;25.0;0.0;0.0;29.0;55.0;81.0;3.0;43.0;9845.95;37448.4;260400;60;4340;182027;17;49;12;2;7;56.4;8746;90;F;False;3.535;0.024139276041466377;1996;4;8;1997;10;17;1950;6;19;0;1;0;0;1;0;0;0
6926;;46.65845311430527;1.2621492128678986;112.0;2.0;0.0;15.0;31.0;49.0;76.0;4.0;32.0;10749.78;56102.47;374760;60;6246;182027;17;49;12;2;7;56.4;8746;90;M;True;3.535;0.024139276041466377;1996;11;3;1998;2;7;1951;6;12;0;1;0;0;1;0;0;0
5520;;20.303901437371664;1.678302532511978;144.0;1.0;3.0;20.0;30.0;71.0;99.0;5.0;40.0;13155.38;54598.84;231168;48;4816;182027;17;49;12;2;7;56.4;8746;90;F;False;3.535;0.024139276041466377;1996;12;25;1998;8;30;1978;5;11;0;1;0;1;0;0;0;1
5956;;47.07460643394935;0.5585215605749486;25.0;1.0;0.0;6.0;2.0;10.0;12.0;0.0;13.0;13602.68;40044.58;168264;36;4674;182027;17;49;12;2;7;56.4;8746;90;M;False;3.535;0.024139276041466377;1997;4;14;1997;11;4;1950;10;8;0;1;0;0;1;0;0;0
5140;;26.49965776865161;0.8323066392881588;64.0;16.0;0.0;0.0;16.0;23.0;39.0;0.0;25.0;2712.96;21491.79;178500;60;2975;182027;17;49;12;2;7;56.4;8746;90;F;False;3.535;0.024139276041466377;1997;4;26;1998;2;24;1971;8;26;0;1;0;0;1;0;0;0
6346;;29.842573579739906;1.8726899383983573;62.0;17.0;0.0;0.0;0.0;29.0;25.0;4.0;33.0;9885.91;40047.08;100260;60;1671;1204953;0;0;0;1;1;100.0;12541;167;M;False;0.36;0.07667684963645885;1995;7;8;1997;5;22;1967;7;19;0;1;0;0;1;0;0;0
6913;;31.266255989048602;1.6153319644079398;152.0;30.0;0.0;0.0;29.0;58.0;84.0;3.0;65.0;7603.8;55851.8;99936;24;4164;1204953;0;0;0;1;1;100.0;12541;167;F;False;0.36;0.07667684963645885;1995;9;17;1997;4;29;1966;1;22;0;1;0;0;1;0;0;0
6014;;38.874743326488705;1.2621492128678986;97.0;1.0;0.0;15.0;22.0;45.0;64.0;3.0;30.0;8861.79;35478.66;165168;36;4588;1204953;0;0;0;1;1;100.0;12541;167;F;True;0.36;0.07667684963645885;1996;2;12;1997;5;18;1958;7;3;0;1;0;0;1;0;0;0
5117;;40.93360711841205;1.4647501711156743;110.0;25.0;0.0;0.0;32.0;39.0;67.0;4.0;39.0;8322.77;40141.8;76944;12;6412;1204953;0;0;0;1;1;100.0;12541;167;F;False;0.36;0.07667684963645885;1996;3;3;1997;8;20;1956;9;13;0;1;0;0;1;0;0;0
5419;;47.419575633128;0.783025325119781;37.0;10.0;0.0;0.0;0.0;19.0;19.0;0.0;18.0;12449.36;44265.27;415800;60;6930;1204953;0;0;0;1;1;100.0;12541;167;F;False;0.36;0.07667684963645885;1996;4;25;1997;2;5;1949;9;5;0;1;0;0;1;0;0;0
5719;;21.4072553045859;1.3963039014373717;90.0;25.0;0.0;0.0;0.0;49.0;47.0;2.0;41.0;14286.52;62387.09;271584;48;5658;1204953;0;0;0;1;1;100.0;12541;167;M;False;0.36;0.07667684963645885;1996;4;28;1997;9;20;1976;4;24;0;1;0;0;1;0;0;0
6377;;52.79397672826831;0.8487337440109514;70.0;15.0;0.0;0.0;18.0;27.0;45.0;0.0;25.0;3752.75;29906.53;17184;12;1432;1204953;0;0;0;1;1;100.0;12541;167;F;False;0.36;0.07667684963645885;1996;5;11;1997;3;17;1944;5;31;0;1;0;0;1;0;0;0
6763;;18.102669404517453;1.0924024640657084;77.0;3.0;0.0;13.0;9.0;28.0;37.0;0.0;40.0;4253.81;17535.78;88272;48;1839;1204953;0;0;0;1;1;100.0;12541;167;F;False;0.36;0.07667684963645885;1996;5;16;1997;6;19;1979;5;13;0;1;0;0;1;0;0;0
5332;;31.805612594113626;1.626283367556468;107.0;20.0;7.0;0.0;0.0;62.0;69.0;0.0;38.0;8860.97;61295.97;37944;36;1054;1204953;0;0;0;1;1;100.0;12541;167;F;False;0.36;0.07667684963645885;1996;6;14;1998;1;29;1966;4;10;0;1;0;1;0;1;0;0
6562;;38.58179329226557;0.6652977412731006;66.0;18.0;0.0;0.0;12.0;28.0;38.0;2.0;26.0;11653.44;60311.77;94488;24;3937;1204953;0;0;0;1;1;100.0;12541;167;M;False;0.36;0.07667684963645885;1996;7;21;1997;3;21;1958;8;21;0;1;0;0;1;0;0;0
6962;;29.19917864476386;1.672826830937714;86.0;27.0;0.0;0.0;0.0;46.0;43.0;3.0;40.0;12324.54;43095.51;279072;48;5814;1204953;0;0;0;1;1;100.0;12541;167;M;True;0.36;0.07667684963645885;1996;7;30;1998;4;2;1969;1;19;0;0;1;0;1;0;0;0
5343;;27.540041067761805;1.1854893908281998;89.0;16.0;0.0;0.0;18.0;41.0;58.0;1.0;30.0;9539.0;51453.8;44952;24;1873;1204953;0;0;0;1;1;100.0;12541;167;M;False;0.36;0.07667684963645885;1996;8;1;1997;10;8;1970;3;25;0;1;0;0;1;0;0;0
5823;;24.982888432580424;1.83709787816564;149.0;42.0;0.0;0.0;18.0;69.0;81.0;6.0;62.0;12327.57;49635.72;212976;36;5916;1204953;0;0;0;1;1;100.0;12541;167;F;True;0.36;0.07667684963645885;1996;8;19;1998;6;21;1973;6;27;0;1;0;0;1;0;0;0
6450;;26.518822724161534;1.8042436687200547;169.0;3.0;0.0;22.0;52.0;71.0;118.0;5.0;46.0;8040.11;42818.5;234336;48;4882;1204953;0;0;0;1;1;100.0;12541;167;F;False;0.36;0.07667684963645885;1996;8;20;1998;6;10;1971;12;3;0;1;0;0;1;0;0;0
5501;;33.98494182067078;1.7467488021902806;130.0;37.0;0.0;0.0;17.0;56.0;73.0;0.0;57.0;4987.94;31673.9;136344;24;5681;1204953;0;0;0;1;1;100.0;12541;167;F;True;0.36;0.07667684963645885;1996;8;21;1998;5;21;1964;5;26;0;1;0;0;1;0;0;0
5556;;44.63518138261465;0.70362765229295;52.0;13.0;0.0;0.0;10.0;21.0;31.0;0.0;21.0;4646.15;24411.29;268320;60;4472;1204953;0;0;0;1;1;100.0;12541;167;F;False;0.36;0.07667684963645885;1996;9;4;1997;5;19;1952;9;29;0;1;0;0;1;0;0;0
6766;;40.427104722792606;1.5304585900068446;126.0;1.0;0.0;18.0;13.0;60.0;69.0;4.0;53.0;11075.57;45497.74;74352;24;3098;1204953;0;0;0;1;1;100.0;12541;167;F;False;0.36;0.07667684963645885;1996;10;16;1998;4;28;1957;11;23;0;1;0;0;1;0;0;0
6338;;19.15400410677618;0.8432580424366872;81.0;23.0;0.0;0.0;8.0;41.0;49.0;0.0;32.0;15753.59;63544.65;390660;60;6511;1204953;0;0;0;1;1;100.0;12541;167;F;False;0.36;0.07667684963645885;1996;10;20;1997;8;24;1978;6;29;0;1;0;0;1;0;0;0
6821;;37.437371663244356;1.8973305954825463;178.0;42.0;0.0;0.0;36.0;56.0;92.0;0.0;86.0;4220.94;32014.6;321936;48;6707;1204953;0;0;0;1;1;100.0;12541;167;F;True;0.36;0.07667684963645885;1996;10;22;1998;9;15;1961;4;8;0;1;0;0;1;0;0;0
6310;;20.462696783025326;0.6242299794661191;40.0;15.0;0.0;0.0;0.0;19.0;17.0;2.0;21.0;13359.81;60619.16;34572;12;2881;1204953;0;0;0;1;1;100.0;12541;167;F;False;0.36;0.07667684963645885;1996;11;1;1997;6;17;1976;12;30;0;1;0;0;1;0;0;0
5760;;56.00547570157426;1.8179329226557153;169.0;39.0;0.0;0.0;34.0;76.0;101.0;9.0;59.0;11652.36;56133.65;74916;36;2081;1204953;0;0;0;1;1;100.0;12541;167;M;False;0.36;0.07667684963645885;1996;11;23;1998;9;18;1942;9;16;0;1;0;0;1;0;0;0
5491;;61.834360027378516;1.1937029431895962;110.0;25.0;0.0;0.0;33.0;38.0;71.0;0.0;39.0;3808.92;22133.74;428784;48;8933;1204953;0;0;0;1;1;100.0;12541;167;M;True;0.36;0.07667684963645885;1996;12;4;1998;2;13;1936;4;14;0;1;0;0;1;0;0;0
6468;;43.5564681724846;0.9801505817932924;54.0;13.0;0.0;0.0;7.0;24.0;31.0;0.0;23.0;9742.9;42000.79;203940;60;3399;1204953;0;0;0;1;1;100.0;12541;167;F;False;0.36;0.07667684963645885;1996;12;7;1997;11;30;1954;5;11;0;1;0;0;1;0;0;0
7129;;28.550308008213552;1.1663244353182751;113.0;15.0;0.0;0.0;39.0;45.0;84.0;0.0;29.0;6314.96;48180.38;194280;60;3238;1204953;0;0;0;1;1;100.0;12541;167;M;False;0.36;0.07667684963645885;1996;12;30;1998;3;1;1969;8;12;0;1;0;0;1;0;0;0
7277;;49.94387405886379;0.7145790554414785;52.0;1.0;0.0;9.0;9.0;25.0;29.0;5.0;18.0;15233.59;60522.04;89280;12;7440;1204953;0;0;0;1;1;100.0;12541;167;M;False;0.36;0.07667684963645885;1997;2;5;1997;10;24;1947;11;14;0;1;0;0;1;0;0;0
7264;;21.713894592744694;0.6516084873374401;40.0;14.0;0.0;0.0;0.0;19.0;16.0;3.0;21.0;13027.2;52484.82;44940;12;3745;1204953;0;0;0;1;1;100.0;12541;167;F;False;0.36;0.07667684963645885;1997;2;11;1997;10;7;1976;1;20;0;0;1;0;1;0;0;0
6234;;35.19507186858316;1.2210814510609171;80.0;15.0;0.0;0.0;9.0;43.0;52.0;0.0;28.0;7503.72;43197.28;5148;12;429;1204953;0;0;0;1;1;100.0;12541;167;F;False;0.36;0.07667684963645885;1997;3;8;1998;5;28;1963;3;18;0;1;0;0;1;0;0;0
7172;;19.392197125256672;1.136208076659822;86.0;1.0;0.0;13.0;18.0;41.0;56.0;3.0;27.0;9538.88;41690.6;45720;12;3810;1204953;0;0;0;1;1;100.0;12541;167;F;False;0.36;0.07667684963645885;1997;3;18;1998;5;7;1978;12;15;0;1;0;0;1;0;0;0
6791;;25.963039014373717;0.8432580424366872;77.0;14.0;0.0;0.0;23.0;22.0;45.0;0.0;32.0;5104.68;36640.32;566640;60;9444;1204953;0;0;0;1;1;100.0;12541;167;F;True;0.36;0.07667684963645885;1997;3;21;1998;1;23;1972;2;6;0;1;0;0;1;0;0;0
7051;;41.661875427789184;0.3203285420944558;23.0;10.0;0.0;0.0;0.0;10.0;10.0;0.0;13.0;12138.52;68874.72;77808;12;6484;1204953;0;0;0;1;1;100.0;12541;167;M;True;0.36;0.07667684963645885;1997;4;2;1997;7;28;1955;11;29;0;1;0;0;1;0;0;0
7037;;53.738535249828885;0.6598220396988365;39.0;1.0;0.0;7.0;6.0;18.0;20.0;4.0;15.0;10188.81;54315.56;218064;48;4543;1204953;0;0;0;1;1;100.0;12541;167;F;False;0.36;0.07667684963645885;1997;5;7;1998;1;3;1944;4;8;0;1;0;0;1;0;0;0
7181;;34.913073237508556;0.34223134839151265;15.0;1.0;0.0;4.0;0.0;6.0;6.0;0.0;9.0;26978.87;64942.89;197808;24;8242;1204953;0;0;0;1;1;100.0;12541;167;F;False;0.36;0.07667684963645885;1997;5;30;1997;10;2;1962;11;3;0;1;0;0;1;0;0;0
5782;;37.75496235455168;0.5530458590006845;32.0;2.0;0.0;6.0;0.0;12.0;12.0;0.0;20.0;11790.42;59128.59;63576;12;5298;1204953;0;0;0;1;1;100.0;12541;167;F;False;0.36;0.07667684963645885;1997;6;16;1998;1;4;1960;4;3;0;1;0;0;1;0;0;0
6948;;26.50513347022587;0.6707734428473648;21.0;6.0;0.0;0.0;0.0;7.0;7.0;0.0;14.0;10315.96;38742.92;157068;36;4363;1204953;0;0;0;1;1;100.0;12541;167;F;False;0.36;0.07667684963645885;1997;7;13;1998;3;15;1971;9;12;0;1;0;0;1;0;0;0
5644;;34.70773442847365;1.3032169746748803;142.0;2.0;1.0;16.0;47.0;61.0;100.0;9.0;33.0;10721.93;58466.19;276084;36;7669;1204953;0;0;0;1;1;100.0;12541;167;F;False;0.36;0.07667684963645885;1997;8;8;1998;11;27;1964;3;13;0;1;0;1;0;1;0;0
6168;;47.66872005475702;1.212867898699521;86.0;23.0;0.0;0.0;9.0;40.0;46.0;3.0;37.0;12681.03;57018.62;99216;36;2756;1204953;0;0;0;1;1;100.0;12541;167;F;True;0.36;0.07667684963645885;1997;9;4;1998;11;21;1951;3;22;0;1;0;0;1;0;0;0
5334;;19.463381245722108;0.9719370294318961;66.0;16.0;0.0;0.0;14.0;25.0;39.0;0.0;27.0;6884.19;44982.42;209040;24;8710;1204953;0;0;0;1;1;100.0;12541;167;M;False;0.36;0.07667684963645885;1997;9;20;1998;9;10;1979;3;25;0;1;0;0;1;0;0;0
5930;;22.031485284052017;0.30116358658453113;16.0;7.0;0.0;0.0;1.0;5.0;6.0;0.0;10.0;10860.61;58360.68;66696;24;2779;1204953;0;0;0;1;1;100.0;12541;167;M;False;0.36;0.07667684963645885;1997;9;24;1998;1;12;1976;1;1;0;1;0;0;1;0;0;0
5210;;35.07186858316222;1.6837782340862424;118.0;2.0;0.0;20.0;0.0;76.0;72.0;4.0;42.0;8874.04;40688.35;148140;36;4115;53921;61;22;1;1;2;41.3;8598;123;F;False;3.0149999999999997;0.03219524860443983;1995;7;26;1997;4;1;1962;3;6;0;0;1;0;1;0;0;0
5428;;48.84873374401095;1.8124572210814511;153.0;42.0;3.0;0.0;0.0;86.0;80.0;9.0;64.0;15620.82;64923.16;230220;36;6395;53921;61;22;1;1;2;41.3;8598;123;M;False;3.0149999999999997;0.03219524860443983;1997;2;8;1998;12;2;1950;1;26;0;1;0;1;0;1;0;0
6059;;40.993839835728956;0.4982888432580425;31.0;9.0;0.0;0.0;3.0;14.0;17.0;0.0;14.0;14454.19;49309.01;79824;12;6652;53921;61;22;1;1;2;41.3;8598;123;M;False;3.0149999999999997;0.03219524860443983;1997;6;29;1997;12;28;1956;12;30;0;0;1;0;1;0;0;0
6569;;51.0362765229295;0.9007529089664613;56.0;2.0;0.0;11.0;0.0;33.0;31.0;2.0;23.0;8875.53;39247.39;45456;12;3788;53921;61;22;1;1;2;41.3;8598;123;F;False;3.0149999999999997;0.03219524860443983;1997;7;3;1998;5;28;1947;5;15;0;1;0;0;1;0;0;0
5110;;51.51813826146475;1.6618754277891854;126.0;33.0;0.0;0.0;15.0;58.0;73.0;0.0;53.0;3746.16;29947.0;102240;60;1704;109164;98;16;6;1;4;63.6;8757;96;F;True;3.665;0.021449378916126194;1995;8;3;1997;4;1;1945;9;24;0;1;0;0;1;0;0;0
5681;;17.66735112936345;1.3716632443531827;73.0;14.0;0.0;0.0;0.0;43.0;42.0;1.0;30.0;7446.94;36855.82;68664;24;2861;109164;98;16;6;1;4;63.6;8757;96;F;True;3.665;0.021449378916126194;1996;6;6;1997;10;20;1980;2;19;0;0;1;0;1;0;0;0
5698;;47.37850787132101;1.0650239561943875;87.0;6.0;0.0;13.0;18.0;38.0;46.0;10.0;31.0;5778.62;34822.47;174840;60;2914;109164;98;16;6;1;4;63.6;8757;96;F;False;3.665;0.021449378916126194;1997;8;29;1998;9;22;1951;5;7;0;1;0;0;1;0;0;0
6037;;32.9637234770705;1.7467488021902806;150.0;29.0;0.0;0.0;33.0;67.0;100.0;0.0;50.0;2734.47;30896.0;53232;48;1109;226122;32;50;7;4;4;62.6;8994;110;M;False;4.295;0.041747375310673;1995;8;5;1997;5;4;1964;5;17;0;1;0;0;1;0;0;0
7139;;42.40930869267625;1.6509240246406571;129.0;21.0;9.0;0.0;16.0;64.0;89.0;0.0;40.0;7822.42;54304.51;23412;12;1951;226122;32;50;7;4;4;62.6;8994;110;M;True;4.295;0.041747375310673;1996;5;29;1998;1;22;1955;8;26;0;1;0;1;0;1;0;0
5976;;35.64955509924709;1.023956194387406;86.0;18.0;0.0;0.0;32.0;25.0;57.0;0.0;29.0;5107.33;26347.12;465504;48;9698;226122;32;50;7;4;4;62.6;8994;110;M;False;4.295;0.041747375310673;1996;12;18;1997;12;27;1962;5;4;0;1;0;0;1;0;0;0
6113;;26.524298425735797;0.6132785763175906;41.0;2.0;0.0;7.0;12.0;13.0;24.0;1.0;16.0;4217.72;40292.34;78696;36;2186;226122;32;50;7;4;4;62.6;8994;110;F;False;4.295;0.041747375310673;1997;2;19;1997;10;1;1971;3;24;0;1;0;0;1;0;0;0
5046;;61.273100616016436;1.2539356605065024;85.0;26.0;0.0;0.0;10.0;34.0;44.0;0.0;41.0;3205.86;17076.76;42816;12;3568;226122;32;50;7;4;4;62.6;8994;110;M;True;4.295;0.041747375310673;1997;6;8;1998;9;9;1937;6;1;0;1;0;0;1;0;0;0
5942;;39.35934291581109;1.6016427104722792;134.0;4.0;0.0;20.0;31.0;60.0;90.0;1.0;43.0;6360.31;37092.95;162624;48;3388;285387;0;2;8;5;7;89.9;10177;81;F;False;7.1899999999999995;0.03501561038169223;1995;8;8;1997;3;15;1957;11;4;0;1;0;0;1;0;0;0
6959;;44.84325804243669;1.4757015742642026;120.0;26.0;0.0;0.0;0.0;65.0;57.0;8.0;55.0;10629.01;45016.69;59448;24;2477;285387;0;2;8;5;7;89.9;10177;81;M;False;7.1899999999999995;0.03501561038169223;1996;1;8;1997;6;30;1952;8;26;0;1;0;0;1;0;0;0
7147;;39.950718685831625;1.8562628336755647;112.0;36.0;0.0;0.0;0.0;55.0;53.0;2.0;57.0;13043.2;62460.23;267600;48;5575;285387;0;2;8;5;7;89.9;10177;81;F;False;7.1899999999999995;0.03501561038169223;1996;2;24;1998;1;2;1958;1;20;0;0;1;0;1;0;0;0
5086;;41.31690622861054;1.322381930184805;59.0;15.0;0.0;0.0;6.0;24.0;30.0;0.0;29.0;7825.45;45912.4;210384;48;4383;285387;0;2;8;5;7;89.9;10177;81;F;False;7.1899999999999995;0.03501561038169223;1996;3;20;1997;7;16;1956;3;22;0;1;0;0;1;0;0;0
5447;;50.902121834360024;1.6071184120465434;174.0;23.0;0.0;0.0;60.0;57.0;117.0;0.0;57.0;3555.92;12006.4;541200;60;9020;285387;0;2;8;5;7;89.9;10177;81;F;False;7.1899999999999995;0.03501561038169223;1996;4;4;1997;11;12;1946;12;18;0;1;0;0;1;0;0;0
5377;;23.123887748117728;1.2566735112936345;104.0;24.0;0.0;0.0;22.0;43.0;60.0;5.0;39.0;9193.25;42291.19;92400;12;7700;285387;0;2;8;5;7;89.9;10177;81;F;False;7.1899999999999995;0.03501561038169223;1996;5;2;1997;8;4;1974;6;20;0;1;0;1;0;1;0;0
5158;;22.60917180013689;1.7741273100616017;148.0;42.0;0.0;0.0;0.0;87.0;83.0;4.0;61.0;15490.92;64193.4;188532;36;5237;285387;0;2;8;5;7;89.9;10177;81;F;False;7.1899999999999995;0.03501561038169223;1996;7;2;1998;4;11;1975;9;1;0;1;0;0;1;0;0;0
7085;;33.68377823408625;0.947296372347707;83.0;19.0;0.0;0.0;18.0;35.0;49.0;4.0;30.0;9989.97;46147.52;305424;48;6363;285387;0;2;8;5;7;89.9;10177;81;F;False;7.1899999999999995;0.03501561038169223;1996;7;8;1997;6;19;1963;10;13;0;1;0;0;1;0;0;0
6612;;37.18822724161533;1.0951403148528405;81.0;22.0;0.0;0.0;10.0;36.0;45.0;1.0;35.0;9153.71;36685.09;97392;12;8116;285387;0;2;8;5;7;89.9;10177;81;M;True;7.1899999999999995;0.03501561038169223;1996;7;27;1997;8;31;1960;6;23;0;1;0;0;1;0;0;0
6490;;56.596851471594796;0.4490075290896646;21.0;7.0;0.0;0.0;1.0;8.0;9.0;0.0;12.0;8085.1;33927.09;73260;60;1221;285387;0;2;8;5;7;89.9;10177;81;F;False;7.1899999999999995;0.03501561038169223;1996;8;30;1997;2;10;1940;7;7;0;1;0;0;1;0;0;0
6758;;17.503080082135522;0.4982888432580425;32.0;10.0;0.0;0.0;4.0;8.0;12.0;0.0;20.0;5645.51;32407.65;33144;12;2762;285387;0;2;8;5;7;89.9;10177;81;F;True;7.1899999999999995;0.03501561038169223;1997;1;28;1997;7;29;1980;1;27;0;1;0;0;1;0;0;0
5015;;53.711156741957566;1.379876796714579;93.0;27.0;1.0;0.0;13.0;36.0;50.0;0.0;43.0;7501.67;48376.26;109344;12;9112;285387;0;2;8;5;7;89.9;10177;81;F;False;7.1899999999999995;0.03501561038169223;1997;2;23;1998;7;12;1944;10;25;0;1;0;1;0;1;0;0
5346;;49.96577686516085;1.7631759069130732;114.0;8.0;0.0;21.0;0.0;64.0;58.0;6.0;50.0;6040.26;29645.32;55632;24;2318;285387;0;2;8;5;7;89.9;10177;81;M;False;7.1899999999999995;0.03501561038169223;1997;3;2;1998;12;6;1948;12;18;0;1;0;0;1;0;0;0
6727;;60.07939767282683;0.7255304585900069;45.0;11.0;0.0;0.0;0.0;18.0;18.0;0.0;27.0;5868.54;35642.2;42840;12;3570;285387;0;2;8;5;7;89.9;10177;81;M;False;7.1899999999999995;0.03501561038169223;1997;3;20;1997;12;10;1937;11;11;0;1;0;0;1;0;0;0
5147;;57.48117727583847;0.4353182751540041;15.0;9.0;0.0;0.0;0.0;2.0;2.0;0.0;13.0;3258.51;23066.61;22260;60;371;285387;0;2;8;5;7;89.9;10177;81;F;False;7.1899999999999995;0.03501561038169223;1997;12;13;1998;5;21;1940;11;26;0;1;0;0;1;0;0;0
6386;;17.894592744695416;1.6974674880219027;148.0;26.0;0.0;0.0;51.0;51.0;101.0;1.0;46.0;6250.36;25654.38;124344;36;3454;161854;73;21;6;1;6;76.3;9425;125;F;False;2.11;0.024639489910660225;1995;8;19;1997;4;30;1979;6;8;0;1;0;0;1;0;0;0
6824;;31.622176591375773;1.4948665297741273;133.0;27.0;0.0;0.0;0.0;73.0;71.0;2.0;60.0;10085.17;39870.41;71976;24;2999;161854;73;21;6;1;6;76.3;9425;125;M;False;2.11;0.024639489910660225;1995;8;30;1997;2;26;1965;7;14;1;0;0;0;1;0;0;0
7122;;47.95345653661875;1.3415468856947297;78.0;14.0;0.0;0.0;23.0;26.0;48.0;1.0;29.0;6935.73;31518.18;260640;36;7240;58400;65;16;4;1;6;52.4;8620;100;F;False;1.175;0.018886986301369865;1995;9;2;1997;1;4;1949;1;21;0;1;0;0;1;0;0;0
7067;;28.522929500342233;0.7118412046543463;59.0;17.0;0.0;0.0;7.0;27.0;34.0;0.0;25.0;15067.19;60593.84;136368;24;5682;58400;65;16;4;1;6;52.4;8620;100;M;False;1.175;0.018886986301369865;1997;4;26;1998;1;11;1969;7;4;0;1;0;0;1;0;0;0
6621;;32.72826830937714;1.7686516084873374;175.0;44.0;0.0;0.0;36.0;74.0;108.0;2.0;65.0;11403.55;50590.53;42900;12;3575;121947;37;28;7;3;11;70.5;8541;131;M;True;2.74;0.030074540579104036;1995;9;7;1997;6;14;1964;9;21;0;1;0;0;1;0;0;0
6435;;54.16016427104723;0.47091033538672145;21.0;1.0;0.0;6.0;0.0;9.0;9.0;0.0;12.0;17591.31;54677.28;288720;48;6015;121947;37;28;7;3;11;70.5;8541;131;M;False;2.74;0.030074540579104036;1996;12;26;1997;6;16;1943;4;19;0;1;0;0;1;0;0;0
6695;;38.68583162217659;0.3723477070499658;17.0;1.0;0.0;4.0;0.0;4.0;4.0;0.0;13.0;12153.43;40151.71;309660;60;5161;121947;37;28;7;3;11;70.5;8541;131;F;True;2.74;0.030074540579104036;1997;1;19;1997;6;4;1958;9;27;0;1;0;0;1;0;0;0
5389;;41.28678986995209;0.3723477070499658;14.0;2.0;0.0;5.0;0.0;3.0;3.0;0.0;11.0;11047.05;42902.41;78600;24;3275;121947;37;28;7;3;11;70.5;8541;131;M;False;2.74;0.030074540579104036;1997;4;8;1997;8;22;1956;5;9;0;1;0;0;1;0;0;0
6872;;32.295687885010274;0.4818617385352499;30.0;10.0;0.0;0.0;4.0;6.0;10.0;0.0;20.0;2356.26;18241.44;191580;60;3193;121947;37;28;7;3;11;70.5;8541;131;F;False;2.74;0.030074540579104036;1997;11;4;1998;4;29;1966;1;11;0;1;0;0;1;0;0;0
7286;;25.01574264202601;1.3661875427789185;111.0;7.0;0.0;16.0;36.0;37.0;73.0;0.0;38.0;3749.47;26491.78;67320;36;1870;95616;65;30;4;1;6;51.4;9307;118;M;False;4.14;0.029576639892904953;1995;9;20;1997;1;31;1972;1;26;0;1;0;0;1;0;0;0
5992;;17.949349760438057;1.0157426420260096;81.0;2.0;1.0;12.0;16.0;39.0;51.0;5.0;25.0;11450.62;50621.1;76080;12;6340;95616;65;30;4;1;6;51.4;9307;118;F;False;4.14;0.029576639892904953;1996;3;12;1997;3;18;1979;4;6;0;1;0;1;0;0;0;1
6196;;26.190280629705683;1.158110882956879;91.0;27.0;0.0;0.0;0.0;51.0;45.0;6.0;40.0;13451.67;54375.02;177804;36;4939;95616;65;30;4;1;6;51.4;9307;118;F;False;4.14;0.029576639892904953;1996;7;18;1997;9;14;1971;7;7;0;1;0;0;1;0;0;0
6278;;60.238193018480494;0.6050650239561944;69.0;21.0;0.0;0.0;6.0;36.0;36.0;6.0;27.0;16362.87;69963.48;87360;24;3640;95616;65;30;4;1;6;51.4;9307;118;M;False;4.14;0.029576639892904953;1996;11;1;1997;6;10;1937;3;15;0;1;0;0;1;0;0;0
6052;;57.96577686516085;0.8596851471594799;54.0;14.0;0.0;0.0;7.0;23.0;30.0;0.0;24.0;2960.05;25150.98;22356;36;621;95616;65;30;4;1;6;51.4;9307;118;M;False;4.14;0.029576639892904953;1997;5;13;1998;3;23;1940;4;4;0;1;0;0;1;0;0;0
5354;;60.70910335386722;0.9363449691991786;84.0;14.0;0.0;0.0;23.0;36.0;59.0;0.0;25.0;5449.59;44617.08;290820;60;4847;95616;65;30;4;1;6;51.4;9307;118;M;False;4.14;0.029576639892904953;1997;8;6;1998;7;14;1937;10;28;0;1;0;0;1;0;0;0
5830;;46.60643394934976;1.9000684462696786;176.0;39.0;0.0;0.0;56.0;59.0;115.0;0.0;61.0;3669.82;34044.43;405780;60;6763;145688;22;41;13;2;5;40.7;8544;109;M;False;1.5750000000000002;0.019304953050354182;1995;10;4;1997;8;28;1951;1;19;0;1;0;0;1;0;0;0
5265;;47.20602327173169;1.6618754277891854;113.0;24.0;0.0;0.0;0.0;53.0;45.0;8.0;60.0;9700.01;45342.2;165780;60;2763;145688;22;41;13;2;5;40.7;8544;109;M;False;1.5750000000000002;0.019304953050354182;1997;2;7;1998;10;7;1951;7;24;0;0;1;0;1;0;0;0
6790;;36.67898699520876;0.9308692676249144;81.0;22.0;0.0;0.0;14.0;23.0;37.0;0.0;44.0;2043.76;20237.19;76104;24;3171;145688;22;41;13;2;5;40.7;8544;109;F;True;1.5750000000000002;0.019304953050354182;1997;7;3;1998;6;8;1961;10;3;0;1;0;0;1;0;0;0
5895;;34.5927446954141;1.2375085557837098;89.0;16.0;0.0;0.0;19.0;40.0;59.0;0.0;30.0;8051.74;54520.2;93960;60;1566;77917;85;19;6;1;5;53.5;8390;132;M;False;2.585;0.026964590525815933;1995;10;9;1997;1;3;1962;6;1;0;1;0;0;1;0;0;0
6207;;34.76796714579056;1.6591375770020533;113.0;4.0;0.0;20.0;15.0;55.0;67.0;3.0;43.0;7164.74;34785.53;184620;60;3077;77917;85;19;6;1;5;53.5;8390;132;F;False;2.585;0.026964590525815933;1996;10;25;1998;6;23;1963;9;16;0;1;0;0;1;0;0;0
5172;;18.469541409993155;1.3579739904175223;123.0;22.0;0.0;0.0;38.0;47.0;85.0;0.0;38.0;3641.13;28050.3;50976;36;1416;77917;85;19;6;1;5;53.5;8390;132;M;False;2.585;0.026964590525815933;1996;12;6;1998;4;16;1979;10;27;0;1;0;0;1;0;0;0
6665;;24.40520191649555;1.83709787816564;144.0;24.0;0.0;0.0;36.0;63.0;99.0;0.0;45.0;6083.39;39110.67;99300;60;1655;108871;41;29;7;2;6;62.1;8444;106;F;False;3.3550000000000004;0.022503697035941617;1995;10;14;1997;8;15;1973;3;20;0;1;0;0;1;0;0;0
6908;;58.57905544147844;1.596167008898015;63.0;18.0;0.0;0.0;3.0;20.0;21.0;2.0;40.0;7799.71;45805.5;188616;24;7859;108871;41;29;7;2;6;62.1;8444;106;M;True;3.3550000000000004;0.022503697035941617;1995;11;3;1997;6;8;1938;11;9;0;1;0;0;1;0;0;0
6541;;21.659137577002053;1.374401095140315;111.0;2.0;0.0;17.0;25.0;51.0;75.0;1.0;35.0;6225.91;33651.1;153504;48;3198;108871;41;29;7;2;6;62.1;8444;106;M;False;3.3550000000000004;0.022503697035941617;1996;4;2;1997;8;17;1975;12;20;0;1;0;0;1;0;0;0
6942;;46.26420260095825;1.1772758384668036;86.0;16.0;0.0;0.0;11.0;45.0;56.0;0.0;30.0;7499.85;31402.28;18324;12;1527;108871;41;29;7;2;6;62.1;8444;106;F;True;3.3550000000000004;0.022503697035941617;1996;5;12;1997;7;16;1951;4;11;0;1;0;0;1;0;0;0
6688;;21.916495550992472;1.018480492813142;79.0;15.0;0.0;0.0;14.0;28.0;42.0;0.0;37.0;3980.18;24946.64;8616;24;359;108871;41;29;7;2;6;62.1;8444;106;M;False;3.3550000000000004;0.022503697035941617;1996;9;19;1997;9;26;1975;10;27;0;1;0;0;1;0;0;0
6923;;41.64544832306639;1.1416837782340863;67.0;15.0;0.0;0.0;0.0;39.0;39.0;0.0;28.0;6769.95;41961.45;44640;24;1860;108871;41;29;7;2;6;62.1;8444;106;M;False;3.3550000000000004;0.022503697035941617;1997;8;14;1998;10;5;1957;2;11;0;1;0;0;1;0;0;0
5368;;41.64544832306639;1.1416837782340863;67.0;15.0;0.0;0.0;0.0;39.0;39.0;0.0;28.0;6752.09;41154.28;44640;24;1860;108871;41;29;7;2;6;62.1;8444;106;M;False;3.3550000000000004;0.022503697035941617;1997;8;14;1998;10;5;1957;2;11;0;1;0;0;1;0;0;0
5041;;23.030800821355236;1.73305954825462;171.0;29.0;0.0;0.0;55.0;67.0;120.0;2.0;49.0;6055.03;48648.4;369000;60;6150;162580;83;26;5;1;6;72.8;9538;111;F;False;1.6600000000000001;0.03533337433878706;1995;10;17;1997;7;11;1974;6;30;0;0;1;0;1;0;0;0
6104;;44.07939767282683;1.3607118412046544;95.0;21.0;0.0;0.0;0.0;57.0;52.0;5.0;38.0;8228.6;47679.97;158184;36;4394;162580;83;26;5;1;6;72.8;9538;111;M;False;1.6600000000000001;0.03533337433878706;1996;4;26;1997;9;5;1953;8;7;0;1;0;0;1;0;0;0
6643;;30.502395619438744;1.4209445585215605;95.0;19.0;0.0;0.0;12.0;48.0;60.0;0.0;35.0;7941.1;55660.66;35856;24;1494;162580;83;26;5;1;6;72.8;9538;111;F;False;1.6600000000000001;0.03533337433878706;1996;8;17;1998;1;18;1967;7;19;0;1;0;0;1;0;0;0
6083;;41.752224503764545;1.5359342915811087;91.0;2.0;0.0;18.0;0.0;54.0;49.0;5.0;37.0;12941.09;41135.01;240528;48;5011;162580;83;26;5;1;6;72.8;9538;111;M;False;1.6600000000000001;0.03533337433878706;1996;9;16;1998;3;31;1956;6;29;0;1;0;0;1;0;0;0
6819;;49.25941136208077;0.29568788501026694;16.0;7.0;0.0;0.0;0.0;2.0;2.0;0.0;14.0;10238.56;46214.13;50112;24;2088;162580;83;26;5;1;6;72.8;9538;111;M;False;1.6600000000000001;0.03533337433878706;1997;1;15;1997;5;3;1948;1;29;0;1;0;0;1;0;0;0
5293;;58.392881587953454;1.7385352498288844;128.0;6.0;0.0;21.0;16.0;65.0;79.0;2.0;47.0;8240.8;34760.23;189792;48;3954;162580;83;26;5;1;6;72.8;9538;111;M;False;1.6600000000000001;0.03533337433878706;1997;2;1;1998;10;29;1940;6;7;0;1;0;0;1;0;0;0
5718;;51.67967145790554;1.8453114305270362;156.0;26.0;0.0;0.0;36.0;72.0;108.0;0.0;48.0;4757.73;51802.02;14028;12;1169;107911;88;33;6;2;7;50.9;8240;99;F;False;3.045;0.01738933009609771;1995;10;28;1997;9;1;1945;12;27;0;1;0;0;1;0;0;0
5758;;35.17864476386037;1.023956194387406;68.0;16.0;0.0;0.0;0.0;40.0;34.0;6.0;28.0;12548.31;44484.08;307200;60;5120;107911;88;33;6;2;7;50.9;8240;99;M;False;3.045;0.01738933009609771;1996;4;23;1997;5;2;1962;2;26;0;1;0;0;1;0;0;0
5360;;54.61738535249829;1.7111567419575633;171.0;2.0;0.0;20.0;64.0;66.0;127.0;3.0;41.0;7444.48;47164.92;176328;36;4898;107911;88;33;6;2;7;50.9;8240;99;M;True;3.045;0.01738933009609771;1996;5;10;1998;1;25;1943;6;14;0;1;0;0;1;0;0;0
5229;;55.81930184804928;0.9719370294318961;63.0;2.0;0.0;11.0;14.0;25.0;38.0;1.0;24.0;4386.06;25967.5;23520;12;1960;107911;88;33;6;2;7;50.9;8240;99;M;True;3.045;0.01738933009609771;1996;9;16;1997;9;6;1941;11;11;0;1;0;0;1;0;0;0
5236;;30.023271731690624;0.969199178644764;62.0;1.0;0.0;12.0;0.0;38.0;32.0;6.0;24.0;19229.26;59749.88;389136;48;8107;107911;88;33;6;2;7;50.9;8240;99;M;False;3.045;0.01738933009609771;1996;9;26;1997;9;15;1967;9;7;0;1;0;0;1;0;0;0
6755;;26.97056810403833;1.1827515400410678;91.0;7.0;0.0;14.0;0.0;44.0;40.0;4.0;47.0;6021.06;28620.4;170700;60;2845;107911;88;33;6;2;7;50.9;8240;99;M;False;3.045;0.01738933009609771;1997;5;18;1998;7;24;1971;8;4;0;1;0;0;1;0;0;0
5363;;22.23134839151266;1.4537987679671458;90.0;25.0;0.0;0.0;0.0;51.0;43.0;8.0;39.0;11288.75;53227.14;293880;60;4898;197099;29;41;10;2;10;74.7;9624;145;F;False;1.955;0.022194430210198936;1995;11;8;1997;4;22;1975;1;28;0;0;1;0;1;0;0;0
5634;;60.35318275154004;1.4510609171800137;136.0;30.0;0.0;0.0;30.0;59.0;87.0;2.0;47.0;10322.53;60289.95;39024;12;3252;197099;29;41;10;2;10;74.7;9624;145;M;False;1.955;0.022194430210198936;1995;11;18;1997;5;1;1936;12;23;0;1;0;0;1;0;0;0
5850;;40.65982203969884;1.2950034223134839;49.0;21.0;0.0;0.0;3.0;18.0;18.0;3.0;28.0;12583.21;49558.69;164196;36;4561;197099;29;41;10;2;10;74.7;9624;145;F;False;1.955;0.022194430210198936;1996;2;4;1997;5;22;1956;9;23;1;0;0;0;1;0;0;0
6857;;29.149897330595483;1.8480492813141685;218.0;31.0;0.0;0.0;72.0;72.0;144.0;0.0;74.0;3603.09;40349.88;69600;48;1450;197099;29;41;10;2;10;74.7;9624;145;M;True;1.955;0.022194430210198936;1996;8;2;1998;6;8;1969;4;14;0;1;0;0;1;0;0;0
7035;;19.66324435318275;0.6625598904859685;39.0;1.0;0.0;8.0;4.0;19.0;22.0;1.0;16.0;15475.12;51175.19;210744;36;5854;197099;29;41;10;2;10;74.7;9624;145;M;False;1.955;0.022194430210198936;1997;11;29;1998;7;29;1978;11;29;0;1;0;0;1;0;0;0
7253;;26.751540041067763;1.45927446954141;113.0;6.0;0.0;18.0;0.0;72.0;64.0;8.0;41.0;16857.62;66405.07;98304;12;8192;93931;74;21;10;1;8;56.9;8427;107;M;False;1.33;0.020158414155071275;1995;11;10;1997;4;26;1970;7;26;0;1;0;0;1;0;0;0
6544;;23.72347707049966;1.8179329226557153;191.0;33.0;0.0;0.0;66.0;73.0;133.0;6.0;52.0;8183.32;53546.71;130464;48;2718;93931;74;21;10;1;8;56.9;8427;107;M;False;1.33;0.020158414155071275;1996;2;16;1997;12;11;1974;3;22;0;1;0;0;1;0;0;0
7202;;56.930869267624914;1.1389459274469542;85.0;24.0;0.0;0.0;0.0;49.0;44.0;5.0;36.0;11268.5;54575.4;140688;48;2931;93931;74;21;10;1;8;56.9;8427;107;M;True;1.33;0.020158414155071275;1997;4;8;1998;5;29;1941;6;23;0;1;0;0;1;0;0;0
5683;;56.930869267624914;1.1389459274469542;85.0;24.0;0.0;0.0;0.0;49.0;44.0;5.0;36.0;11244.55;57514.35;140688;48;2931;93931;74;21;10;1;8;56.9;8427;107;M;True;1.33;0.020158414155071275;1997;4;8;1998;5;29;1941;6;23;0;1;0;0;1;0;0;0
7167;;19.340177960301162;0.9336071184120466;75.0;1.0;0.0;12.0;8.0;43.0;44.0;7.0;24.0;14799.28;61366.87;269964;36;7499;93931;74;21;10;1;8;56.9;8427;107;F;False;1.33;0.020158414155071275;1997;7;12;1998;6;18;1979;2;14;0;1;0;1;0;0;0;1
5486;;51.27446954140999;1.5742642026009583;102.0;24.0;0.0;0.0;0.0;60.0;60.0;0.0;42.0;6543.77;36161.02;466608;48;9721;77963;60;23;4;2;4;51.5;8546;126;F;False;3.485;0.036940600028218515;1995;11;16;1997;6;13;1946;3;5;0;1;0;0;1;0;0;0
6028;;28.982888432580424;0.8295687885010267;73.0;11.0;0.0;0.0;22.0;30.0;52.0;0.0;21.0;6783.86;56757.31;317520;60;5292;77963;60;23;4;2;4;51.5;8546;126;F;False;3.485;0.036940600028218515;1996;4;12;1997;2;9;1968;2;16;0;1;0;0;1;0;0;0
6320;;31.964407939767288;1.7631759069130732;124.0;26.0;0.0;0.0;17.0;61.0;78.0;0.0;46.0;6717.3;41026.33;104964;12;8747;77963;60;23;4;2;4;51.5;8546;126;M;False;3.485;0.036940600028218515;1996;7;23;1998;4;28;1966;5;11;0;1;0;0;1;0;0;0
6239;;19.923340177960302;1.023956194387406;86.0;23.0;0.0;0.0;0.0;45.0;37.0;8.0;41.0;14112.97;52871.42;360864;48;7518;77963;60;23;4;2;4;51.5;8546;126;F;False;3.485;0.036940600028218515;1996;9;19;1997;9;28;1977;10;26;0;0;1;0;1;0;0;0
5338;;39.945242984257355;0.8569472963723477;75.0;1.0;0.0;10.0;18.0;28.0;45.0;1.0;29.0;8336.57;36887.16;57360;12;4780;77963;60;23;4;2;4;51.5;8546;126;M;False;3.485;0.036940600028218515;1996;10;21;1997;8;30;1957;9;19;0;1;0;0;1;0;0;0
5287;;60.120465434633815;1.2046543463381245;47.0;11.0;0.0;0.0;4.0;18.0;22.0;0.0;25.0;8091.16;45735.84;64224;24;2676;77963;60;23;4;2;4;51.5;8546;126;M;True;3.485;0.036940600028218515;1996;11;12;1998;1;26;1937;12;13;0;0;1;0;1;0;0;0
5154;;31.74537987679672;1.626283367556468;64.0;15.0;0.0;0.0;0.0;30.0;27.0;3.0;34.0;9952.2;50883.2;108720;60;1812;77963;60;23;4;2;4;51.5;8546;126;F;False;3.485;0.036940600028218515;1996;11;14;1998;7;1;1966;10;2;0;1;0;0;1;0;0;0
5815;;51.64681724845996;0.6598220396988365;40.0;14.0;0.0;0.0;2.0;16.0;17.0;1.0;22.0;17701.16;66345.68;151200;36;4200;77963;60;23;4;2;4;51.5;8546;126;M;False;3.485;0.036940600028218515;1997;10;5;1998;6;3;1946;10;10;0;1;0;0;1;0;0;0
6677;;17.412731006160165;1.7056810403832992;137.0;25.0;0.0;0.0;32.0;60.0;92.0;0.0;45.0;3667.17;24067.3;97980;60;1633;45714;52;10;5;1;6;55.6;8843;113;F;False;3.21;0.018659491621822635;1995;11;28;1997;8;12;1980;3;14;0;1;0;0;1;0;0;0
5061;;40.45722108145106;1.2210814510609171;85.0;19.0;0.0;0.0;10.0;42.0;52.0;0.0;33.0;5942.57;25727.38;84288;48;1756;45714;52;10;5;1;6;55.6;8843;113;F;False;3.21;0.018659491621822635;1996;12;22;1998;3;13;1957;9;27;0;1;0;0;1;0;0;0
6868;;29.52498288843258;1.3853524982888432;121.0;4.0;0.0;17.0;0.0;52.0;42.0;10.0;69.0;6249.39;33221.21;82128;24;3422;45714;52;10;5;1;6;55.6;8843;113;M;False;3.21;0.018659491621822635;1997;5;24;1998;10;12;1969;4;3;0;1;0;0;1;0;0;0
6242;;24.528405201916495;0.3531827515400411;12.0;7.0;0.0;0.0;0.0;2.0;2.0;0.0;10.0;4487.32;27419.85;26208;36;728;45714;52;10;5;1;6;55.6;8843;113;F;False;3.21;0.018659491621822635;1997;6;15;1997;10;22;1973;4;12;0;1;0;0;1;0;0;0
6118;;43.337440109514034;1.7987679671457906;145.0;39.0;1.0;0.0;16.0;67.0;82.0;2.0;61.0;12631.08;59951.08;349392;48;7279;161954;21;37;20;3;8;48.0;8720;116;M;False;4.115;0.02278424737888536;1995;12;17;1997;10;4;1954;6;3;0;1;0;1;0;1;0;0
5532;;44.35318275154004;1.270362765229295;97.0;1.0;0.0;15.0;20.0;46.0;62.0;4.0;31.0;13584.96;43629.44;335280;48;6985;161954;21;37;20;3;8;48.0;8720;116;F;False;4.115;0.02278424737888536;1996;1;26;1997;5;4;1952;12;26;0;0;1;0;1;0;0;0
6878;;17.50034223134839;0.8624229979466119;58.0;15.0;0.0;0.0;0.0;25.0;25.0;0.0;33.0;2701.5;36729.8;23184;12;1932;161954;21;37;20;3;8;48.0;8720;116;F;False;4.115;0.02278424737888536;1996;3;15;1997;1;24;1979;7;26;0;1;0;0;1;0;0;0
6442;;52.7501711156742;1.4236824093086926;133.0;25.0;0.0;0.0;50.0;42.0;92.0;0.0;41.0;3355.96;28548.37;194160;48;4045;161954;21;37;20;3;8;48.0;8720;116;F;False;4.115;0.02278424737888536;1996;9;6;1998;2;8;1945;5;10;0;1;0;0;1;0;0;0
5790;;19.381245722108144;0.33127994524298426;12.0;6.0;0.0;0.0;0.0;3.0;3.0;0.0;9.0;6498.46;29824.12;84288;48;1756;161954;21;37;20;3;8;48.0;8720;116;F;False;4.115;0.02278424737888536;1996;11;19;1997;3;20;1977;11;1;0;1;0;0;1;0;0;0
5643;;44.813141683778234;1.730321697467488;134.0;2.0;0.0;21.0;0.0;71.0;64.0;7.0;63.0;16710.56;48061.86;94512;12;7876;323870;0;0;0;1;1;100.0;10673;100;M;False;5.095000000000001;0.05732083860808349;1995;12;29;1997;9;21;1952;11;28;0;1;0;0;1;0;0;0
5862;;49.67556468172484;1.6125941136208077;139.0;32.0;0.0;0.0;17.0;71.0;84.0;4.0;51.0;9714.09;56496.39;100128;24;4172;323870;0;0;0;1;1;100.0;10673;100;F;False;5.095000000000001;0.05732083860808349;1996;4;29;1997;12;9;1948;4;6;0;1;0;0;1;0;0;0
4986;;55.53182751540041;1.264887063655031;118.0;18.0;0.0;0.0;43.0;42.0;85.0;0.0;33.0;4844.03;33057.37;102876;12;8573;323870;0;0;0;1;1;100.0;10673;100;M;True;5.095000000000001;0.05732083860808349;1996;5;5;1997;8;10;1942;1;28;0;1;0;0;1;0;0;0
5656;;43.6933607118412;0.4544832306639288;22.0;7.0;0.0;0.0;1.0;9.0;10.0;0.0;12.0;11676.27;44355.04;146064;24;6086;323870;0;0;0;1;1;100.0;10673;100;F;False;5.095000000000001;0.05732083860808349;1996;8;27;1997;2;9;1953;6;1;0;1;0;0;1;0;0;0
6877;;45.059548254620125;0.731006160164271;54.0;1.0;0.0;9.0;4.0;24.0;25.0;3.0;26.0;9580.14;49699.66;285240;60;4754;323870;0;0;0;1;1;100.0;10673;100;M;True;5.095000000000001;0.05732083860808349;1996;9;25;1997;6;19;1952;5;28;0;1;0;0;1;0;0;0
5638;;39.81930184804928;0.8761122518822724;51.0;12.0;0.0;0.0;6.0;24.0;30.0;0.0;21.0;8767.47;28809.0;68124;12;5677;323870;0;0;0;1;1;100.0;10673;100;M;False;5.095000000000001;0.05732083860808349;1996;10;11;1997;8;27;1957;11;1;0;1;0;0;1;0;0;0
5206;;45.7741273100616;0.785763175906913;60.0;11.0;0.0;0.0;20.0;19.0;39.0;0.0;21.0;7808.7;40526.45;128544;24;5356;323870;0;0;0;1;1;100.0;10673;100;F;False;5.095000000000001;0.05732083860808349;1996;11;24;1997;9;7;1951;11;29;1;0;0;0;1;0;0;0
6322;;31.55099247091034;0.3805612594113621;35.0;13.0;0.0;0.0;0.0;17.0;15.0;2.0;18.0;14823.31;61992.3;76992;24;3208;323870;0;0;0;1;1;100.0;10673;100;M;False;5.095000000000001;0.05732083860808349;1996;12;18;1997;5;6;1965;10;17;0;1;0;0;1;0;0;0
5369;;60.01095140314853;0.37782340862423;17.0;1.0;0.0;5.0;0.0;7.0;7.0;0.0;10.0;26971.42;62852.92;214596;36;5961;323870;0;0;0;1;1;100.0;10673;100;M;True;5.095000000000001;0.05732083860808349;1997;4;27;1997;9;12;1937;9;8;0;1;0;0;1;0;0;0
6793;;49.20739219712526;1.08145106091718;119.0;31.0;0.0;0.0;18.0;47.0;61.0;4.0;54.0;12880.92;62765.87;186300;60;3105;86513;38;36;5;1;5;50.5;8288;110;M;False;4.154999999999999;0.01746558320714806;1996;1;1;1997;1;30;1947;11;16;0;0;1;0;1;0;0;0
5584;;39.501711156741955;1.6591375770020533;135.0;21.0;0.0;0.0;31.0;64.0;95.0;0.0;40.0;7184.29;47061.86;24792;24;1033;86513;38;36;5;1;5;50.5;8288;110;M;False;4.154999999999999;0.01746558320714806;1996;4;9;1997;12;6;1958;6;6;0;1;0;0;1;0;0;0
5940;;44.18343600273785;0.39698836413415467;18.0;1.0;0.0;5.0;2.0;6.0;7.0;1.0;10.0;14678.87;57324.07;106944;24;4456;86513;38;36;5;1;5;50.5;8288;110;F;False;4.154999999999999;0.01746558320714806;1997;1;3;1997;5;28;1953;3;22;0;1;0;0;1;0;0;0
5669;;34.379192334017795;1.103353867214237;79.0;19.0;0.0;0.0;0.0;48.0;40.0;8.0;31.0;10139.36;54293.59;71820;36;1995;86513;38;36;5;1;5;50.5;8288;110;M;False;4.154999999999999;0.01746558320714806;1997;5;20;1998;6;27;1964;2;9;0;1;0;0;1;0;0;0
6871;;24.646132785763175;1.2813141683778233;98.0;18.0;0.0;0.0;0.0;51.0;45.0;6.0;47.0;8080.24;42341.64;164256;48;3422;75637;35;36;9;0;7;36.5;9622;154;M;True;0.52;0.04630009122519402;1996;1;1;1997;4;13;1972;8;20;0;1;0;0;1;0;0;0
6956;;39.93976728268309;1.374401095140315;93.0;8.0;0.0;17.0;0.0;52.0;45.0;7.0;41.0;5879.7;29114.62;59448;24;2477;75637;35;36;9;0;7;36.5;9622;154;M;False;0.52;0.04630009122519402;1996;6;25;1997;11;9;1957;12;1;0;1;0;0;1;0;0;0
6495;;44.917180013689254;0.4517453798767967;22.0;6.0;0.0;0.0;2.0;9.0;11.0;0.0;11.0;16456.87;49296.52;49044;12;4087;75637;35;36;9;0;7;36.5;9622;154;F;False;0.52;0.04630009122519402;1997;9;28;1998;3;12;1953;4;11;0;1;0;0;1;0;0;0
6350;;30.609171800136895;1.514031485284052;129.0;36.0;0.0;0.0;0.0;75.0;63.0;12.0;54.0;14502.6;61692.08;294384;48;6133;387570;0;0;0;1;1;100.0;9897;140;F;False;1.78;0.04827128002683386;1996;1;3;1997;7;9;1966;11;29;0;1;0;0;1;0;0;0
5174;;40.48459958932238;1.4127310061601643;102.0;1.0;0.0;17.0;13.0;55.0;59.0;9.0;34.0;17023.97;47433.42;385104;48;8023;387570;0;0;0;1;1;100.0;9897;140;F;False;1.78;0.04827128002683386;1996;1;14;1997;6;13;1956;12;18;0;1;0;0;1;0;0;0
6534;;30.16016427104723;1.4264202600958247;111.0;30.0;0.0;0.0;24.0;41.0;65.0;0.0;46.0;4880.52;27937.98;590820;60;9847;387570;0;0;0;1;1;100.0;9897;140;M;False;1.78;0.04827128002683386;1996;5;16;1997;10;19;1967;8;22;0;1;0;0;1;0;0;0
5808;;36.72279260780287;1.1800136892539357;103.0;15.0;0.0;0.0;30.0;45.0;75.0;0.0;28.0;5151.38;38559.26;41856;48;872;387570;0;0;0;1;1;100.0;9897;140;F;False;1.78;0.04827128002683386;1996;5;26;1997;7;31;1960;11;9;0;1;0;0;1;0;0;0
5784;;58.61738535249829;0.5147159479808351;32.0;9.0;0.0;0.0;0.0;18.0;17.0;1.0;14.0;10482.17;41766.69;84600;36;2350;387570;0;0;0;1;1;100.0;9897;140;M;False;1.78;0.04827128002683386;1996;9;22;1997;3;29;1938;8;16;0;1;0;0;1;0;0;0
7295;;45.85352498288843;1.6974674880219027;106.0;28.0;0.0;0.0;0.0;59.0;54.0;5.0;47.0;8138.69;38619.1;280440;60;4674;387570;0;0;0;1;1;100.0;9897;140;F;False;1.78;0.04827128002683386;1996;11;5;1998;7;18;1952;9;9;0;1;0;0;1;0;0;0
6730;;17.426420260095824;1.2238193018480492;104.0;2.0;0.0;15.0;0.0;59.0;52.0;7.0;45.0;14395.11;53890.64;93036;12;7753;387570;0;0;0;1;1;100.0;9897;140;F;False;1.78;0.04827128002683386;1996;11;25;1998;2;15;1980;9;12;0;1;0;0;1;0;0;0
6625;;30.187542778918548;0.6954140999315537;43.0;9.0;0.0;0.0;0.0;20.0;19.0;1.0;23.0;9163.08;52777.34;473280;60;7888;387570;0;0;0;1;1;100.0;9897;140;F;False;1.78;0.04827128002683386;1996;12;27;1997;9;7;1967;7;1;0;1;0;0;1;0;0;0
6922;;19.923340177960302;0.6543463381245722;34.0;2.0;0.0;8.0;0.0;17.0;16.0;1.0;17.0;6476.99;29077.81;83628;36;2323;387570;0;0;0;1;1;100.0;9897;140;F;False;1.78;0.04827128002683386;1996;12;30;1997;8;26;1977;9;23;0;1;0;0;1;0;0;0
5367;;19.923340177960302;0.6543463381245722;34.0;2.0;0.0;8.0;0.0;17.0;16.0;1.0;17.0;6458.95;29052.61;83628;36;2323;387570;0;0;0;1;1;100.0;9897;140;F;False;1.78;0.04827128002683386;1996;12;30;1997;8;26;1977;9;23;0;1;0;0;1;0;0;0
6984;;57.80150581793292;0.6187542778918549;39.0;10.0;0.0;0.0;8.0;14.0;22.0;0.0;17.0;4050.98;29865.19;116040;60;1934;387570;0;0;0;1;1;100.0;9897;140;F;True;1.78;0.04827128002683386;1997;1;1;1997;8;15;1939;10;27;0;1;0;0;1;0;0;0
6249;;34.510609171800134;0.5174537987679672;23.0;2.0;0.0;6.0;1.0;9.0;10.0;0.0;13.0;9277.09;30181.32;67608;24;2817;387570;0;0;0;1;1;100.0;9897;140;F;True;1.78;0.04827128002683386;1997;1;22;1997;7;30;1963;1;25;0;1;0;0;1;0;0;0
5963;;44.53388090349076;0.5420944558521561;23.0;8.0;0.0;0.0;0.0;9.0;8.0;1.0;14.0;16351.48;48890.18;204780;60;3413;387570;0;0;0;1;1;100.0;9897;140;M;False;1.78;0.04827128002683386;1997;2;21;1997;9;7;1953;2;24;0;1;0;0;1;0;0;0
6054;;52.53661875427789;1.3880903490759753;34.0;9.0;0.0;0.0;0.0;13.0;11.0;2.0;21.0;9266.1;32543.26;58764;12;4897;387570;0;0;0;1;1;100.0;9897;140;F;True;1.78;0.04827128002683386;1997;2;24;1998;7;16;1946;1;1;0;1;0;0;1;0;0;0
5063;;56.14236824093087;0.2792607802874743;2.0;2.0;0.0;0.0;0.0;0.0;0.0;0.0;2.0;5050.0;5350.0;357840;48;7455;387570;0;0;0;1;1;100.0;9897;140;F;False;1.78;0.04827128002683386;1997;3;30;1997;7;10;1941;5;19;0;1;0;0;1;0;0;0
5281;;29.61806981519507;1.8863791923340179;134.0;35.0;0.0;0.0;0.0;78.0;73.0;5.0;56.0;12812.21;51370.48;194256;24;8094;42821;4;13;5;1;3;48.4;8173;124;M;False;7.01;0.03171341164381962;1996;1;8;1997;11;27;1968;4;15;0;1;0;0;1;0;0;0
5868;;50.47501711156742;1.0485968514715949;65.0;1.0;0.0;13.0;0.0;39.0;36.0;3.0;26.0;18359.0;77525.12;90156;12;7513;42821;4;13;5;1;3;48.4;8173;124;F;True;7.01;0.03171341164381962;1996;3;11;1997;3;29;1946;10;7;0;1;0;0;1;0;0;0
6866;;37.01300479123888;1.273100616016427;112.0;2.0;0.0;15.0;11.0;54.0;60.0;5.0;47.0;12554.06;48395.94;122472;24;5103;42821;4;13;5;1;3;48.4;8173;124;F;False;7.01;0.03171341164381962;1996;10;28;1998;2;5;1961;1;31;0;1;0;0;1;0;0;0
7100;;35.449691991786445;1.08145106091718;65.0;1.0;0.0;13.0;0.0;39.0;32.0;7.0;26.0;14812.91;58819.49;348120;60;5802;42821;4;13;5;1;3;48.4;8173;124;F;False;7.01;0.03171341164381962;1996;12;1;1997;12;31;1962;7;20;0;1;0;0;1;0;0;0
6436;;18.406570841889117;0.6078028747433265;31.0;1.0;0.0;7.0;0.0;17.0;17.0;0.0;14.0;22957.87;44813.42;495180;60;8253;42821;4;13;5;1;3;48.4;8173;124;F;False;7.01;0.03171341164381962;1997;10;12;1998;5;22;1979;12;25;0;1;0;0;1;0;0;0
5039;;57.96303901437371;1.267624914442163;94.0;4.0;0.0;15.0;11.0;49.0;54.0;6.0;34.0;12542.66;38819.32;66840;24;2785;58796;22;16;7;1;5;51.9;9045;124;F;True;3.365;0.03166882100823185;1996;1;26;1997;5;3;1939;5;17;1;0;0;0;1;0;0;0
6136;;40.309377138945926;0.6872005475701575;43.0;10.0;0.0;0.0;4.0;21.0;24.0;1.0;18.0;10815.49;45160.51;140880;60;2348;58796;22;16;7;1;5;51.9;9045;124;M;False;3.365;0.03166882100823185;1997;8;11;1998;4;19;1957;12;27;0;1;0;0;1;0;0;0
6078;;28.670773442847366;0.9746748802190282;65.0;1.0;0.0;11.0;7.0;35.0;40.0;2.0;23.0;15992.55;65037.93;170832;48;3559;58796;22;16;7;1;5;51.9;9045;124;M;False;3.365;0.03166882100823185;1997;9;18;1998;9;9;1970;1;7;0;1;0;0;1;0;0;0
6938;;47.90417522245038;1.111567419575633;77.0;1.0;3.0;14.0;0.0;46.0;42.0;7.0;28.0;13641.95;49678.37;341280;60;5688;81344;61;23;4;2;6;55.3;8899;149;M;False;3.68;0.03364722659323367;1996;1;29;1997;3;10;1949;4;14;0;1;0;1;0;1;0;0
5398;;57.609856262833674;1.6892539356605065;134.0;38.0;0.0;0.0;0.0;76.0;71.0;5.0;58.0;14576.12;64144.5;53472;12;4456;81344;61;23;4;2;6;55.3;8899;149;M;True;3.68;0.03364722659323367;1996;2;26;1997;11;4;1940;3;26;0;0;1;0;1;0;0;0
6142;;53.31416837782341;0.8514715947980835;71.0;2.0;0.0;10.0;24.0;26.0;45.0;5.0;21.0;6430.81;44440.91;221880;60;3698;81344;61;23;4;2;6;55.3;8899;149;F;True;3.68;0.03364722659323367;1996;3;16;1997;1;21;1943;9;29;0;1;0;0;1;0;0;0
5932;;26.765229295003422;1.0075290896646134;63.0;15.0;0.0;0.0;0.0;37.0;33.0;4.0;26.0;11718.19;45807.11;33348;12;2779;81344;61;23;4;2;6;55.3;8899;149;F;False;3.68;0.03364722659323367;1996;6;15;1997;6;18;1970;9;12;0;1;0;0;1;0;0;0
6632;;31.101984941820675;1.6454483230663928;146.0;39.0;0.0;0.0;17.0;71.0;81.0;7.0;58.0;13557.82;64162.67;144960;48;3020;81344;61;23;4;2;6;55.3;8899;149;F;False;3.68;0.03364722659323367;1996;8;30;1998;4;23;1967;3;17;0;1;0;0;1;0;0;0
6855;;59.43052703627652;1.215605749486653;101.0;23.0;0.0;0.0;10.0;40.0;50.0;0.0;51.0;2807.97;33782.06;52236;36;1451;81344;61;23;4;2;6;55.3;8899;149;M;True;3.68;0.03364722659323367;1996;12;12;1998;3;1;1938;9;25;0;1;0;0;1;0;0;0
6055;;54.68856947296372;1.2320328542094456;60.0;17.0;0.0;0.0;0.0;32.0;27.0;5.0;28.0;8508.54;42435.31;399120;60;6652;138032;67;30;4;2;5;64.6;8819;99;F;False;5.52;0.03103628144198447;1996;2;3;1997;4;28;1942;8;20;0;1;0;0;1;0;0;0
7199;;53.35523613963039;1.2238193018480492;146.0;33.0;0.0;0.0;38.0;61.0;93.0;6.0;47.0;11189.42;59138.44;45768;12;3814;138032;67;30;4;2;5;64.6;8819;99;M;True;5.52;0.03103628144198447;1996;9;18;1997;12;9;1944;8;1;0;1;0;0;1;0;0;0
6353;;39.21697467488022;1.8726899383983573;120.0;1.0;0.0;22.0;0.0;76.0;63.0;13.0;44.0;11518.62;41285.02;116496;24;4854;117897;139;28;5;1;6;53.8;8814;107;M;False;5.25;0.017689169359695327;1996;2;10;1997;12;25;1958;10;7;0;1;0;0;1;0;0;0
5856;;51.917864476386036;1.0458590006844628;87.0;28.0;0.0;0.0;0.0;46.0;46.0;0.0;41.0;16368.1;53636.37;51360;12;4280;117897;139;28;5;1;6;53.8;8814;107;F;False;5.25;0.017689169359695327;1996;7;23;1997;8;9;1945;9;8;0;1;0;0;1;0;0;0
5531;;26.466803559206024;1.6290212183436004;107.0;2.0;0.0;19.0;15.0;53.0;68.0;0.0;39.0;8355.36;33039.89;66432;24;2768;170449;0;0;0;1;1;100.0;10787;131;F;True;2.865;0.03608704069839072;1996;2;13;1997;9;30;1971;4;13;0;1;0;0;1;0;0;0
5977;;17.21286789869952;0.7173169062286106;44.0;15.0;0.0;0.0;0.0;21.0;21.0;0.0;23.0;2346.76;23023.66;59136;48;1232;170449;0;0;0;1;1;100.0;10787;131;F;False;2.865;0.03608704069839072;1996;6;8;1997;2;25;1979;12;10;0;1;0;0;1;0;0;0
6851;;50.69404517453799;0.8761122518822724;63.0;12.0;0.0;0.0;12.0;20.0;31.0;1.0;31.0;7270.02;36907.37;272220;60;4537;170449;0;0;0;1;1;100.0;10787;131;F;False;2.865;0.03608704069839072;1996;7;18;1997;6;3;1946;9;23;0;1;0;0;1;0;0;0
7088;;50.25598904859685;1.1964407939767283;106.0;2.0;0.0;14.0;38.0;38.0;73.0;3.0;30.0;6547.78;37233.14;239160;60;3986;67298;71;19;10;0;7;43.8;8561;110;M;False;0.97;0.016018306636155607;1996;2;21;1997;5;3;1947;1;30;0;1;0;0;1;0;0;0
5103;;57.79329226557152;1.7056810403832992;152.0;26.0;2.0;0.0;45.0;60.0;107.0;0.0;45.0;4203.09;41922.05;12540;12;1045;67298;71;19;10;0;7;43.8;8561;110;F;True;0.97;0.016018306636155607;1996;3;15;1997;11;28;1940;2;12;0;1;0;1;0;1;0;0
6607;;28.673511293634498;1.5331964407939767;171.0;39.0;4.0;0.0;36.0;74.0;105.0;9.0;57.0;12272.34;58553.68;153144;36;4254;67298;71;19;10;0;7;43.8;8561;110;M;False;0.97;0.016018306636155607;1996;4;9;1997;10;21;1969;2;17;0;1;0;1;0;1;0;0
5779;;57.79603011635866;1.429158110882957;84.0;28.0;0.0;0.0;7.0;32.0;39.0;0.0;45.0;12020.69;57995.12;107352;36;2982;67298;71;19;10;0;7;43.8;8561;110;F;False;0.97;0.016018306636155607;1996;5;10;1997;10;14;1939;12;28;0;0;1;0;1;0;0;0
7001;;33.12251882272417;1.0896646132785763;95.0;3.0;1.0;13.0;24.0;42.0;63.0;4.0;28.0;8434.02;53217.73;300600;60;5010;67298;71;19;10;0;7;43.8;8561;110;F;False;0.97;0.016018306636155607;1996;7;8;1997;8;10;1964;6;26;0;1;0;1;0;1;0;0
7096;;33.59890485968515;1.3388090349075976;130.0;34.0;0.0;0.0;14.0;66.0;72.0;8.0;50.0;14400.97;54062.08;37812;12;3151;67298;71;19;10;0;7;43.8;8561;110;F;False;0.97;0.016018306636155607;1997;5;1;1998;9;2;1965;1;26;0;1;0;0;1;0;0;0
6215;;54.04517453798768;1.0321697467488022;71.0;14.0;0.0;0.0;8.0;37.0;45.0;0.0;26.0;7910.05;45921.2;78720;48;1640;67298;71;19;10;0;7;43.8;8561;110;F;False;0.97;0.016018306636155607;1997;6;6;1998;6;18;1944;6;1;0;1;0;0;1;0;0;0
5134;;48.70362765229295;0.9117043121149897;65.0;15.0;0.0;0.0;6.0;33.0;39.0;0.0;26.0;5937.39;33129.4;53076;12;4423;51428;50;11;3;1;4;52.7;8402;120;M;False;3.5549999999999997;0.020397448860542896;1996;3;6;1997;2;2;1948;5;21;0;1;0;0;1;0;0;0
5582;;59.70431211498973;1.8672142368240932;215.0;3.0;7.0;23.0;75.0;85.0;146.0;21.0;48.0;11082.8;63500.41;41256;12;3438;51428;50;11;3;1;4;52.7;8402;120;M;True;3.5549999999999997;0.020397448860542896;1996;6;4;1998;4;17;1938;8;3;0;1;0;1;0;0;1;0
6571;;47.81656399726215;1.842573579739904;142.0;2.0;0.0;22.0;0.0;96.0;83.0;13.0;46.0;13771.42;66051.95;140064;24;5836;51428;50;11;3;1;4;52.7;8402;120;F;False;3.5549999999999997;0.020397448860542896;1996;7;8;1998;5;12;1950;7;18;0;0;1;0;1;0;0;0
6147;;53.711156741957566;1.4674880219028064;86.0;21.0;0.0;0.0;0.0;48.0;46.0;2.0;38.0;9661.81;44723.36;177504;48;3698;51428;50;11;3;1;4;52.7;8402;120;M;False;3.5549999999999997;0.020397448860542896;1996;7;10;1997;12;28;1944;4;12;1;0;0;0;1;0;0;0
6237;;23.854893908281998;1.3086926762491444;78.0;26.0;0.0;0.0;0.0;37.0;37.0;0.0;41.0;3453.91;14785.59;407952;48;8499;51428;50;11;3;1;4;52.7;8402;120;F;False;3.5549999999999997;0.020397448860542896;1996;9;15;1998;1;6;1974;2;28;0;1;0;0;1;0;0;0
5245;;51.5482546201232;0.7693360711841205;77.0;23.0;0.0;0.0;8.0;37.0;44.0;1.0;32.0;15077.02;71376.04;125472;24;5228;51428;50;11;3;1;4;52.7;8402;120;F;True;3.5549999999999997;0.020397448860542896;1997;4;11;1998;1;17;1946;7;1;1;0;0;0;1;0;0;0
4968;;58.217659137577;0.6954140999315537;55.0;6.0;0.0;9.0;13.0;19.0;31.0;1.0;23.0;4716.19;31383.45;110736;48;2307;51428;50;11;3;1;4;52.7;8402;120;F;False;3.5549999999999997;0.020397448860542896;1997;8;8;1998;4;19;1940;1;30;0;0;1;0;1;0;0;0
6508;;58.217659137577;0.6954140999315537;55.0;6.0;0.0;9.0;13.0;19.0;31.0;1.0;23.0;4766.71;30696.24;110736;48;2307;51428;50;11;3;1;4;52.7;8402;120;F;False;3.5549999999999997;0.020397448860542896;1997;8;8;1998;4;19;1940;1;30;0;0;1;0;1;0;0;0
4988;;30.209445585215605;1.7412731006160165;83.0;22.0;0.0;0.0;0.0;41.0;35.0;6.0;42.0;8634.16;46266.57;265320;36;7370;105606;77;26;7;2;7;53.0;8254;97;M;False;3.275;0.021262996420657918;1996;3;10;1997;12;6;1967;9;21;0;1;0;0;1;0;0;0
7091;;42.724161533196444;1.051334702258727;104.0;34.0;0.0;0.0;0.0;58.0;53.0;5.0;46.0;17805.06;68510.42;113436;36;3151;105606;77;26;7;2;7;53.0;8254;97;M;False;3.275;0.021262996420657918;1997;9;3;1998;9;22;1956;1;1;0;1;0;0;1;0;0;0
5765;;48.45448323066393;0.31485284052019163;11.0;1.0;0.0;4.0;0.0;3.0;3.0;0.0;8.0;22625.04;58031.63;153936;24;6414;105606;77;26;7;2;7;53.0;8254;97;M;False;3.275;0.021262996420657918;1997;10;18;1998;2;10;1949;8;28;0;1;0;0;1;0;0;0
5682;;61.19917864476387;0.9828884325804245;57.0;1.0;0.0;12.0;0.0;33.0;32.0;1.0;24.0;14432.87;46016.2;67464;12;5622;125236;28;11;1;4;5;87.7;9675;100;M;False;7.055;0.04197275543773356;1996;3;13;1997;3;7;1935;12;25;0;1;0;0;1;0;0;0
7201;;61.19917864476387;0.9828884325804245;57.0;1.0;0.0;12.0;0.0;33.0;32.0;1.0;24.0;14344.91;48557.38;67464;12;5622;125236;28;11;1;4;5;87.7;9675;100;M;False;7.055;0.04197275543773356;1996;3;13;1997;3;7;1935;12;25;0;1;0;0;1;0;0;0
6312;;46.85284052019165;1.8042436687200547;165.0;36.0;0.0;0.0;54.0;54.0;108.0;0.0;57.0;1566.86;22935.07;10944;36;304;125236;28;11;1;4;5;87.7;9675;100;M;False;7.055;0.04197275543773356;1996;7;27;1998;5;17;1951;7;10;0;1;0;0;1;0;0;0
6254;;55.73442847364819;1.1279945242984257;83.0;24.0;0.0;0.0;10.0;37.0;45.0;2.0;36.0;11110.32;54799.86;247920;48;5165;125236;28;11;1;4;5;87.7;9675;100;F;False;7.055;0.04197275543773356;1996;11;11;1997;12;28;1942;4;4;0;1;0;1;0;1;0;0
7072;;32.799452429842574;1.0376454483230666;73.0;14.0;0.0;0.0;16.0;32.0;48.0;0.0;25.0;4537.71;44135.94;22104;12;1842;125236;28;11;1;4;5;87.7;9675;100;F;False;7.055;0.04197275543773356;1997;1;13;1998;1;27;1965;4;10;0;1;0;0;1;0;0;0
5241;;57.76865160848734;1.0759753593429158;97.0;26.0;0.0;0.0;11.0;47.0;52.0;6.0;39.0;10944.51;48989.18;125472;24;5228;125236;28;11;1;4;5;87.7;9675;100;M;False;7.055;0.04197275543773356;1997;8;5;1998;9;2;1940;11;25;0;1;0;0;1;0;0;0
5446;;38.79260780287474;1.377138945927447;94.0;13.0;0.0;16.0;12.0;37.0;49.0;0.0;45.0;5664.9;31897.43;48312;24;2013;102609;75;33;2;3;6;52.0;8187;94;M;False;5.140000000000001;0.02074379440399965;1996;3;19;1997;8;4;1958;10;19;0;1;0;0;1;0;0;0
5817;;59.22245037645448;1.2840520191649556;64.0;12.0;0.0;0.0;18.0;24.0;41.0;1.0;22.0;6239.58;26649.77;100800;24;4200;102609;75;33;2;3;6;52.0;8187;94;M;False;5.140000000000001;0.02074379440399965;1996;5;3;1997;8;15;1938;5;26;0;1;0;0;1;0;0;0
6568;;42.31622176591376;1.754962354551677;75.0;16.0;0.0;0.0;6.0;35.0;39.0;2.0;34.0;7381.6;38280.1;220440;60;3674;102609;75;33;2;3;6;52.0;8187;94;F;False;5.140000000000001;0.02074379440399965;1996;5;25;1998;2;25;1955;11;2;0;0;1;0;1;0;0;0
5270;;34.874743326488705;1.1170431211498972;78.0;16.0;0.0;0.0;0.0;49.0;49.0;0.0;29.0;6772.5;32688.03;191088;48;3981;102609;75;33;2;3;6;52.0;8187;94;M;False;5.140000000000001;0.02074379440399965;1996;6;8;1997;7;21;1962;9;5;0;1;0;0;1;0;0;0
6313;;21.71663244353183;0.9117043121149897;67.0;20.0;0.0;0.0;0.0;37.0;33.0;4.0;30.0;10160.66;52250.26;150912;36;4192;102609;75;33;2;3;6;52.0;8187;94;F;True;5.140000000000001;0.02074379440399965;1996;7;17;1997;6;15;1975;9;27;0;1;0;0;1;0;0;0
5699;;20.687200547570157;1.8453114305270362;143.0;37.0;0.0;0.0;0.0;85.0;77.0;8.0;58.0;11944.71;58926.41;174960;24;7290;102609;75;33;2;3;6;52.0;8187;94;F;False;5.140000000000001;0.02074379440399965;1996;7;19;1998;5;24;1977;9;15;0;1;0;0;1;0;0;0
7209;;41.62628336755647;1.160848733744011;59.0;10.0;0.0;0.0;0.0;24.0;24.0;0.0;35.0;7820.17;29028.27;385560;60;6426;102609;75;33;2;3;6;52.0;8187;94;M;False;5.140000000000001;0.02074379440399965;1996;10;2;1997;11;30;1956;4;15;0;1;0;0;1;0;0;0
6682;;60.22724161533196;1.3086926762491444;115.0;2.0;0.0;16.0;0.0;52.0;48.0;4.0;63.0;5640.36;31916.9;36204;12;3017;102609;75;33;2;3;6;52.0;8187;94;M;False;5.140000000000001;0.02074379440399965;1996;12;7;1998;3;30;1938;1;6;0;1;0;0;1;0;0;0
7292;;23.006160164271048;1.3661875427789185;145.0;34.0;0.0;0.0;28.0;67.0;91.0;4.0;50.0;14354.51;64978.07;317460;60;5291;102609;75;33;2;3;6;52.0;8187;94;M;False;5.140000000000001;0.02074379440399965;1997;7;11;1998;11;22;1975;11;20;0;1;0;0;1;0;0;0
5569;;26.89390828199863;1.8179329226557153;124.0;40.0;0.0;0.0;18.0;45.0;63.0;0.0;61.0;4163.92;20942.59;504000;60;8400;75232;55;26;4;1;5;41.7;8980;111;M;False;2.08;0.03746411101658868;1996;3;27;1998;1;20;1971;2;28;0;1;0;0;1;0;0;0
5931;;30.234086242299796;0.6543463381245722;43.0;14.0;0.0;0.0;0.0;22.0;22.0;0.0;21.0;12559.06;51945.22;66696;24;2779;75232;55;26;4;1;5;41.7;8980;111;F;False;2.08;0.03746411101658868;1996;7;21;1997;3;17;1966;12;22;0;1;0;0;1;0;0;0
5651;;33.144421629021224;1.1553730321697468;72.0;16.0;0.0;0.0;9.0;34.0;43.0;0.0;29.0;7670.84;36065.98;19248;12;1604;75232;55;26;4;1;5;41.7;8980;111;M;True;2.08;0.03746411101658868;1996;10;12;1997;12;8;1964;10;16;0;1;0;0;1;0;0;0
5731;;32.90622861054073;0.4955509924709104;26.0;7.0;0.0;0.0;0.0;13.0;11.0;2.0;13.0;12750.85;45410.15;460980;60;7683;75232;55;26;4;1;5;41.7;8980;111;F;False;2.08;0.03746411101658868;1997;5;8;1997;11;5;1964;12;9;0;1;0;0;1;0;0;0
6402;;29.253935660506503;1.568788501026694;104.0;3.0;0.0;18.0;0.0;65.0;61.0;4.0;39.0;13016.1;46755.31;139488;24;5812;75232;55;26;4;1;5;41.7;8980;111;M;False;2.08;0.03746411101658868;1997;5;12;1998;12;6;1969;9;4;0;0;1;0;1;0;0;0
7046;;53.73032169746749;0.9993155373032171;70.0;23.0;0.0;0.0;15.0;21.0;36.0;0.0;34.0;3045.66;17625.44;91632;12;7636;74062;99;15;4;2;7;61.4;8114;119;M;True;2.5;0.014744403337744053;1996;3;28;1997;3;28;1943;7;5;0;1;0;0;1;0;0;0
6486;;49.76317590691308;1.730321697467488;121.0;4.0;0.0;21.0;16.0;60.0;73.0;3.0;45.0;5783.19;28077.73;152160;60;2536;74062;99;15;4;2;7;61.4;8114;119;F;True;2.5;0.014744403337744053;1996;4;23;1998;1;15;1948;4;11;0;1;0;0;1;0;0;0
5893;;29.921971252566735;1.3059548254620124;84.0;2.0;0.0;16.0;11.0;39.0;47.0;3.0;34.0;5841.6;28459.65;86184;36;2394;74062;99;15;4;2;7;61.4;8114;119;M;False;2.5;0.014744403337744053;1997;4;13;1998;8;3;1968;8;31;0;0;1;0;1;0;0;0
7050;;51.07460643394935;1.483915126625599;136.0;45.0;0.0;0.0;0.0;74.0;64.0;10.0;62.0;16591.6;72885.76;311232;48;6484;127369;31;32;13;2;7;51.2;8369;107;F;False;5.305;0.025685213827540455;1996;3;30;1997;9;23;1946;8;27;0;1;0;0;1;0;0;0
6097;;56.889801505817935;0.9555099247091035;74.0;5.0;0.0;12.0;15.0;31.0;42.0;4.0;28.0;8978.54;37200.4;202848;48;4226;127369;31;32;13;2;7;51.2;8369;107;F;True;5.305;0.025685213827540455;1996;9;6;1997;8;21;1940;9;30;0;0;1;0;1;0;0;0
6969;;53.7741273100616;1.264887063655031;91.0;5.0;0.0;16.0;12.0;43.0;51.0;4.0;36.0;5375.57;37386.86;88200;36;2450;127369;31;32;13;2;7;51.2;8369;107;M;True;5.305;0.025685213827540455;1997;6;7;1998;9;12;1944;12;3;0;1;0;0;1;0;0;0
7200;;21.470225872689937;0.892539356605065;50.0;17.0;0.0;0.0;0.0;23.0;23.0;0.0;27.0;2532.05;28375.8;31140;60;519;127369;31;32;13;2;7;51.2;8369;107;M;False;5.305;0.025685213827540455;1997;8;19;1998;7;11;1977;1;20;0;1;0;0;1;0;0;0
7171;;47.945242984257355;0.459958932238193;23.0;1.0;0.0;6.0;1.0;10.0;11.0;0.0;12.0;23166.13;72465.67;196224;48;4088;127369;31;32;13;2;7;51.2;8369;107;M;False;5.305;0.025685213827540455;1997;9;9;1998;2;24;1950;3;16;0;1;0;0;1;0;0;0
7110;;29.83709787816564;1.7905544147843941;131.0;30.0;0.0;0.0;17.0;63.0;80.0;0.0;51.0;3881.65;25084.42;31260;12;2605;159617;29;19;8;1;9;85.2;9198;131;M;True;3.805;0.03736444113095723;1996;4;7;1998;1;21;1968;3;21;0;1;0;0;1;0;0;0
7187;;59.181382614647504;1.462012320328542;134.0;19.0;0.0;0.0;52.0;47.0;99.0;0.0;35.0;5555.09;78724.21;24180;60;403;159617;29;19;8;1;9;85.2;9198;131;M;False;3.805;0.03736444113095723;1996;7;8;1997;12;24;1938;10;19;0;1;0;0;1;0;0;0
4990;;44.616016427104725;1.1444216290212184;84.0;15.0;0.0;0.0;17.0;39.0;56.0;0.0;28.0;7240.84;46148.3;162576;36;4516;159617;29;19;8;1;9;85.2;9198;131;M;False;3.805;0.03736444113095723;1996;7;17;1997;9;8;1953;1;26;0;1;0;0;1;0;0;0
6415;;30.767967145790557;0.33675564681724846;12.0;5.0;0.0;0.0;0.0;4.0;4.0;0.0;8.0;13358.78;40812.49;475680;48;9910;159617;29;19;8;1;9;85.2;9198;131;F;True;3.805;0.03736444113095723;1996;10;12;1997;2;12;1966;5;8;0;1;0;0;1;0;0;0
5799;;19.019849418206707;0.9226557152635181;52.0;3.0;0.0;11.0;0.0;28.0;25.0;3.0;24.0;8468.1;36071.94;106128;36;2948;159617;29;19;8;1;9;85.2;9198;131;M;False;3.805;0.03736444113095723;1997;1;25;1997;12;28;1978;12;21;0;0;1;0;1;0;0;0
6641;;54.75427789185489;0.4654346338124572;18.0;7.0;0.0;0.0;0.0;6.0;6.0;0.0;12.0;12119.61;47029.54;128268;36;3563;159617;29;19;8;1;9;85.2;9198;131;M;False;3.805;0.03736444113095723;1997;3;23;1997;9;9;1942;12;8;0;1;0;0;1;0;0;0
5313;;49.02943189596167;0.8323066392881588;54.0;12.0;0.0;0.0;5.0;28.0;33.0;0.0;21.0;4853.06;36159.71;43200;24;1800;159617;29;19;8;1;9;85.2;9198;131;F;False;3.805;0.03736444113095723;1997;7;27;1998;5;27;1949;5;16;0;1;0;0;1;0;0;0
7087;;30.672142368240934;0.8596851471594799;63.0;12.0;0.0;0.0;12.0;30.0;42.0;0.0;21.0;4556.83;42831.0;44304;24;1846;85852;41;23;4;2;4;59.8;8965;104;M;False;7.655;0.031886269393840566;1996;4;12;1997;2;20;1966;6;20;0;1;0;0;1;0;0;0
5616;;43.9151266255989;1.571526351813826;113.0;35.0;0.0;0.0;14.0;46.0;60.0;0.0;53.0;3674.41;31685.1;130896;24;5454;85852;41;23;4;2;4;59.8;8965;104;F;True;7.655;0.031886269393840566;1996;10;18;1998;5;15;1954;6;15;0;1;0;0;1;0;0;0
6357;;18.691307323750856;1.5359342915811087;132.0;21.0;0.0;0.0;42.0;51.0;93.0;0.0;39.0;3912.84;44890.03;64860;60;1081;85852;41;23;4;2;4;59.8;8965;104;F;False;7.655;0.031886269393840566;1996;12;28;1998;7;12;1979;11;2;0;1;0;0;1;0;0;0
5865;;56.61875427789185;1.8069815195071868;126.0;30.0;0.0;0.0;17.0;59.0;70.0;6.0;50.0;11424.46;49281.74;327660;60;5461;85852;41;23;4;2;4;59.8;8965;104;F;False;7.655;0.031886269393840566;1997;1;8;1998;10;30;1942;3;18;0;1;0;0;1;0;0;0
5027;;27.121149897330596;0.9828884325804245;59.0;1.0;0.0;12.0;7.0;27.0;33.0;1.0;25.0;11120.55;51649.4;160920;36;4470;85852;41;23;4;2;4;59.8;8965;104;M;False;7.655;0.031886269393840566;1997;12;8;1998;12;2;1971;10;19;0;1;0;1;0;1;0;0
5420;;46.666666666666664;0.8678986995208761;99.0;16.0;0.0;0.0;36.0;37.0;71.0;2.0;26.0;7489.0;45374.64;72504;24;3021;122603;25;21;6;2;8;80.0;8991;128;F;False;1.6999999999999997;0.04270287023971681;1996;4;13;1997;2;24;1950;6;26;0;1;0;0;1;0;0;0
6235;;23.23340177960301;1.6399726214921286;140.0;4.0;0.0;20.0;16.0;81.0;83.0;14.0;43.0;11343.97;52905.41;321360;60;5356;122603;25;21;6;2;8;80.0;8991;128;M;False;1.6999999999999997;0.04270287023971681;1996;8;28;1998;4;19;1975;1;24;0;1;0;0;1;0;0;0
6633;;27.156741957563312;1.782340862422998;146.0;36.0;0.0;0.0;0.0;89.0;79.0;10.0;57.0;12154.31;52422.49;160656;24;6694;92084;55;29;4;3;5;46.7;10124;141;F;False;0.55;0.04412275748229877;1996;4;25;1998;2;5;1970;12;10;0;1;0;0;1;0;0;0
5207;;51.10198494182067;0.810403832991102;59.0;16.0;0.0;0.0;18.0;17.0;35.0;0.0;24.0;1997.51;22981.06;35904;48;748;228848;15;40;18;2;6;57.2;9893;96;M;False;4.404999999999999;0.025147696287492135;1996;5;8;1997;2;28;1946;1;22;0;1;0;0;1;0;0;0
6887;;32.77481177275839;0.9253935660506503;75.0;2.0;0.0;11.0;12.0;28.0;38.0;2.0;35.0;6148.31;30719.75;39576;12;3298;228848;15;40;18;2;6;57.2;9893;96;F;True;4.404999999999999;0.025147696287492135;1996;6;4;1997;5;8;1964;7;29;0;1;0;0;1;0;0;0
5051;;36.21629021218344;1.2210814510609171;168.0;38.0;0.0;0.0;53.0;62.0;111.0;4.0;53.0;12591.52;79500.54;230400;60;3840;228848;15;40;18;2;6;57.2;9893;96;M;False;4.404999999999999;0.025147696287492135;1996;7;22;1997;10;11;1961;7;24;0;1;0;0;1;0;0;0
6502;;35.827515400410675;1.3634496919917864;164.0;36.0;0.0;0.0;43.0;70.0;107.0;6.0;51.0;12133.59;61588.34;30276;12;2523;228848;15;40;18;2;6;57.2;9893;96;M;False;4.404999999999999;0.025147696287492135;1996;7;28;1997;12;8;1962;2;9;0;1;0;0;1;0;0;0
4962;;35.827515400410675;1.3634496919917864;164.0;36.0;0.0;0.0;43.0;70.0;107.0;6.0;51.0;12113.93;62991.26;30276;12;2523;228848;15;40;18;2;6;57.2;9893;96;M;False;4.404999999999999;0.025147696287492135;1996;7;28;1997;12;8;1962;2;9;0;1;0;0;1;0;0;0
6552;;54.24503764544832;1.2950034223134839;85.0;17.0;0.0;0.0;10.0;43.0;53.0;0.0;32.0;8292.2;39297.34;170448;48;3551;228848;15;40;18;2;6;57.2;9893;96;F;True;4.404999999999999;0.025147696287492135;1996;9;22;1998;1;8;1943;10;11;0;1;0;0;1;0;0;0
6044;;54.888432580424364;1.136208076659822;86.0;17.0;0.0;0.0;21.0;35.0;53.0;3.0;30.0;9409.7;46000.65;57060;12;4755;228848;15;40;18;2;6;57.2;9893;96;M;False;4.404999999999999;0.025147696287492135;1996;12;8;1998;1;27;1943;3;9;0;0;1;0;1;0;0;0
5906;;53.93839835728953;0.7529089664613279;51.0;19.0;0.0;0.0;3.0;22.0;21.0;4.0;26.0;18149.9;67815.17;81144;36;2254;228848;15;40;18;2;6;57.2;9893;96;F;False;4.404999999999999;0.025147696287492135;1997;8;3;1998;5;5;1944;5;27;0;1;0;0;1;0;0;0
5561;;45.18001368925393;0.8542094455852156;53.0;1.0;0.0;10.0;10.0;23.0;33.0;0.0;20.0;17617.01;48935.44;437460;60;7291;228848;15;40;18;2;6;57.2;9893;96;F;False;4.404999999999999;0.025147696287492135;1997;10;21;1998;8;29;1953;6;24;0;1;0;0;1;0;0;0
6934;;48.31211498973306;0.7529089664613279;46.0;14.0;0.0;0.0;5.0;18.0;23.0;0.0;23.0;5315.33;23391.69;116832;12;9736;103347;87;16;7;1;7;67.0;9104;123;F;True;1.79;0.022511538796481757;1996;5;10;1997;2;9;1948;10;18;0;1;0;0;1;0;0;0
7119;;57.021218343600275;0.947296372347707;58.0;1.0;0.0;11.0;0.0;35.0;30.0;5.0;23.0;16724.93;56531.82;86880;12;7240;103347;87;16;7;1;7;67.0;9104;123;F;False;1.79;0.022511538796481757;1996;6;21;1997;6;2;1940;5;25;0;1;0;1;0;1;0;0
4989;;47.93976728268309;1.404517453798768;56.0;14.0;0.0;0.0;0.0;27.0;26.0;1.0;29.0;8582.46;30797.49;352704;48;7348;103347;87;16;7;1;7;67.0;9104;123;F;False;1.79;0.022511538796481757;1997;7;10;1998;12;5;1950;12;27;0;1;0;1;0;1;0;0
5124;;45.52772073921971;0.511978097193703;33.0;2.0;0.0;6.0;2.0;17.0;18.0;1.0;14.0;9528.36;51641.83;156096;36;4336;103347;87;16;7;1;7;67.0;9104;123;M;False;1.79;0.022511538796481757;1997;8;9;1998;2;12;1952;8;3;0;0;1;0;1;0;0;0
6255;;39.81656399726215;0.7419575633127995;15.0;6.0;0.0;0.0;0.0;5.0;5.0;0.0;10.0;3079.33;23594.15;247920;48;5165;106054;38;25;6;2;6;63.1;8110;109;F;False;6.16;0.029810285326343184;1996;5;13;1997;2;8;1957;4;16;0;1;0;0;1;0;0;0
6660;;34.92128678986995;0.4544832306639288;20.0;1.0;0.0;5.0;1.0;8.0;9.0;0.0;11.0;23042.38;60165.8;220428;36;6123;106054;38;25;6;2;6;63.1;8110;109;M;False;6.16;0.029810285326343184;1996;11;24;1997;5;9;1962;6;7;0;1;0;0;1;0;0;0
5991;;20.314852840520192;1.0978781656399725;88.0;1.0;0.0;13.0;0.0;50.0;42.0;8.0;38.0;13247.83;38710.01;335184;48;6983;106054;38;25;6;2;6;63.1;8110;109;F;False;6.16;0.029810285326343184;1997;6;21;1998;7;27;1978;4;3;0;1;0;0;1;0;0;0
5214;;36.52292950034223;1.0650239561943875;71.0;4.0;0.0;13.0;8.0;33.0;40.0;1.0;30.0;4899.82;24872.14;74772;36;2077;157042;49;70;18;0;9;33.9;8743;111;M;False;2.1550000000000002;0.024047706982845352;1996;6;7;1997;7;1;1960;12;22;1;0;0;0;1;0;0;0
5320;;45.08145106091718;1.2238193018480492;72.0;13.0;0.0;0.0;22.0;23.0;44.0;1.0;27.0;5917.83;28370.44;143676;36;3991;157042;49;70;18;0;9;33.9;8743;111;M;False;2.1550000000000002;0.024047706982845352;1996;10;21;1998;1;11;1952;12;12;0;0;1;0;1;0;0;0
5221;;53.97125256673511;1.4264202600958247;87.0;25.0;0.0;0.0;0.0;49.0;42.0;7.0;38.0;12491.75;59684.3;52512;12;4376;157042;49;70;18;0;9;33.9;8743;111;M;False;2.1550000000000002;0.024047706982845352;1997;7;2;1998;12;5;1944;12;15;0;1;0;0;1;0;0;0
6437;;50.46406570841889;0.31485284052019163;11.0;2.0;0.0;4.0;0.0;2.0;2.0;0.0;9.0;4859.33;21532.35;63972;36;1777;157042;49;70;18;0;9;33.9;8743;111;M;False;2.1550000000000002;0.024047706982845352;1997;7;17;1997;11;9;1947;5;24;1;0;0;0;1;0;0;0
7164;;33.58521560574949;0.7775496235455168;45.0;2.0;0.0;10.0;0.0;24.0;21.0;3.0;21.0;14423.17;58128.03;249792;48;5204;157042;49;70;18;0;9;33.9;8743;111;M;False;2.1550000000000002;0.024047706982845352;1997;11;4;1998;8;15;1965;1;13;0;1;0;0;1;0;0;0
6355;;32.46817248459959;1.2950034223134839;95.0;11.0;0.0;15.0;21.0;34.0;55.0;0.0;40.0;5931.77;28863.03;127200;48;2650;88768;10;18;5;1;7;80.5;8867;130;M;False;1.115;0.03945115356885364;1996;6;8;1997;9;24;1965;4;6;0;1;0;0;1;0;0;0
6675;;33.33607118412047;1.377138945927447;106.0;2.0;0.0;16.0;23.0;49.0;72.0;0.0;34.0;12167.43;65133.54;238716;36;6631;78955;50;24;8;1;9;59.0;9060;124;M;False;2.11;0.021353935786207333;1996;6;16;1997;11;1;1964;7;1;0;0;1;0;1;0;0;0
5620;;44.55304585900068;1.8042436687200547;103.0;26.0;0.0;0.0;0.0;56.0;51.0;5.0;47.0;9241.0;46609.35;30012;12;2501;78955;50;24;8;1;9;59.0;9060;124;M;False;2.11;0.021353935786207333;1996;8;26;1998;6;16;1953;11;26;0;1;0;0;1;0;0;0
6470;;31.258042436687205;1.8726899383983573;215.0;36.0;0.0;0.0;84.0;73.0;154.0;3.0;58.0;6030.32;50265.36;49872;12;4156;148545;8;35;12;3;4;53.5;8909;113;F;False;4.785;0.023730182772897103;1996;7;2;1998;5;17;1967;2;12;1;0;0;0;1;0;0;0
5933;;46.822724161533195;1.0020533880903493;57.0;2.0;0.0;12.0;0.0;32.0;29.0;3.0;25.0;8868.6;42728.93;87528;24;3647;148545;8;35;12;3;4;53.5;8909;113;M;True;4.785;0.023730182772897103;1996;12;12;1997;12;13;1951;2;16;1;0;0;0;1;0;0;0
5841;;25.65639972621492;1.702943189596167;129.0;35.0;0.0;0.0;15.0;59.0;74.0;0.0;55.0;4462.62;37122.4;41988;12;3499;148545;8;35;12;3;4;53.5;8909;113;M;True;4.785;0.023730182772897103;1997;2;20;1998;11;4;1973;3;9;0;1;0;0;1;0;0;0
5260;;52.84325804243669;1.5468856947296372;90.0;26.0;2.0;0.0;0.0;48.0;48.0;2.0;40.0;13272.66;55026.62;123300;36;3425;118650;8;8;5;1;3;85.6;9832;114;F;False;3.9000000000000004;0.050214917825537296;1996;7;3;1998;1;19;1945;3;17;0;0;1;1;0;1;0;0
6076;;30.948665297741275;0.5831622176591376;43.0;10.0;0.0;0.0;4.0;22.0;26.0;0.0;17.0;6893.94;40841.8;117420;60;1957;75685;31;28;5;1;9;60.8;8208;155;M;False;2.0749999999999997;0.024991742088921187;1996;7;4;1997;2;2;1966;2;21;0;1;0;0;1;0;0;0
5469;;19.939767282683093;1.4702258726899384;97.0;26.0;0.0;0.0;0.0;55.0;49.0;6.0;42.0;12127.34;49740.62;293160;60;4886;139012;59;41;8;3;10;61.9;8363;108;F;False;3.005;0.01928970160849423;1996;7;7;1997;12;26;1978;1;17;0;1;0;0;1;0;0;0
5382;;43.32375085557837;0.6105407255304586;41.0;10.0;0.0;0.0;8.0;16.0;24.0;0.0;17.0;4503.65;42536.89;22932;36;637;139012;59;41;8;3;10;61.9;8363;108;F;False;3.005;0.01928970160849423;1996;8;6;1997;3;17;1953;11;19;0;1;0;0;1;0;0;0
5169;;61.823408624229984;1.6043805612594113;134.0;24.0;0.0;0.0;45.0;47.0;88.0;4.0;42.0;5916.7;34086.21;253200;60;4220;139012;59;41;8;3;10;61.9;8363;108;M;False;3.005;0.01928970160849423;1997;2;15;1998;9;24;1936;11;27;0;1;0;0;1;0;0;0
5526;;51.79192334017796;1.6016427104722792;145.0;22.0;6.0;0.0;44.0;54.0;104.0;0.0;41.0;5552.08;49145.71;69624;36;1934;139012;59;41;8;3;10;61.9;8363;108;M;False;3.005;0.01928970160849423;1997;4;2;1998;11;8;1947;1;23;0;1;0;1;0;1;0;0
5527;;41.270362765229294;0.9418206707734429;63.0;14.0;0.0;0.0;7.0;31.0;36.0;2.0;25.0;10600.5;49909.16;156420;60;2607;139012;59;41;8;3;10;61.9;8363;108;M;False;3.005;0.01928970160849423;1997;7;6;1998;6;15;1957;3;8;0;0;1;0;1;0;0;0
5772;;36.82956878850103;0.6652977412731006;35.0;1.0;0.0;8.0;0.0;18.0;16.0;2.0;17.0;15017.23;64863.95;334620;60;5577;139012;59;41;8;3;10;61.9;8363;108;F;True;3.005;0.01928970160849423;1997;7;8;1998;3;8;1961;5;9;0;1;0;0;1;0;0;0
5034;;42.39835728952772;1.8453114305270362;129.0;26.0;0.0;0.0;18.0;64.0;82.0;0.0;47.0;5585.44;44659.65;112752;36;3132;161227;5;35;11;4;10;69.7;8678;102;F;False;5.75;0.029694157926401905;1996;7;25;1998;5;30;1956;1;5;0;1;0;0;1;0;0;0
5005;;29.544147843942504;0.6598220396988365;75.0;19.0;0.0;0.0;15.0;33.0;45.0;3.0;27.0;11800.31;48780.1;27456;12;2288;161227;5;35;11;4;10;69.7;8678;102;M;False;5.75;0.029694157926401905;1996;8;12;1997;4;10;1967;9;24;0;0;1;0;1;0;0;0
6464;;56.42436687200548;0.5941136208076659;32.0;3.0;0.0;8.0;0.0;14.0;12.0;2.0;18.0;9749.87;50541.55;49488;24;2062;161227;5;35;11;4;10;69.7;8678;102;F;False;5.75;0.029694157926401905;1997;9;11;1998;4;16;1941;11;12;0;1;0;1;0;1;0;0
5304;;55.441478439425055;0.9062286105407256;55.0;1.0;0.0;11.0;6.0;27.0;33.0;0.0;22.0;17945.66;61146.52;172272;24;7178;161227;5;35;11;4;10;69.7;8678;102;M;False;5.75;0.029694157926401905;1997;9;23;1998;8;20;1943;3;12;0;1;0;0;1;0;0;0
7242;;39.26351813826147;1.242984257357974;83.0;6.0;0.0;15.0;10.0;38.0;44.0;4.0;35.0;4930.71;33044.02;48096;24;2004;105058;32;19;7;2;10;81.0;9272;118;M;False;3.01;0.04209579470387786;1996;7;26;1997;10;23;1958;7;19;0;0;1;0;1;0;0;0
7219;;39.0280629705681;0.7529089664613279;49.0;12.0;0.0;0.0;10.0;19.0;29.0;0.0;20.0;3322.63;41985.62;57120;48;1190;105058;32;19;7;2;10;81.0;9272;118;M;False;3.01;0.04209579470387786;1996;11;21;1997;8;23;1958;8;13;0;1;0;0;1;0;0;0
6852;;32.922655715263524;1.2292950034223136;121.0;19.0;0.0;0.0;31.0;43.0;74.0;0.0;47.0;3563.79;23124.21;16032;48;334;105058;32;19;7;2;10;81.0;9272;118;F;False;3.01;0.04209579470387786;1997;8;18;1998;11;10;1965;12;8;0;1;0;0;1;0;0;0
7230;;36.41889117043121;0.676249144421629;42.0;10.0;0.0;0.0;0.0;24.0;24.0;0.0;18.0;4589.17;40748.35;18720;60;312;88757;60;33;3;2;10;61.7;8554;113;M;True;2.575;0.022758768322498506;1996;7;29;1997;4;2;1960;10;31;0;1;0;0;1;0;0;0
7221;;46.56536618754278;1.3169062286105406;118.0;6.0;0.0;15.0;44.0;38.0;81.0;1.0;36.0;4535.12;20874.12;152460;60;2541;88757;60;33;3;2;10;61.7;8554;113;F;False;2.575;0.022758768322498506;1997;2;15;1998;6;11;1951;11;17;0;0;1;0;1;0;0;0
5451;;24.084873374401095;0.7665982203969883;28.0;10.0;0.0;0.0;3.0;10.0;13.0;0.0;15.0;14081.53;56388.81;159744;48;3328;70699;60;13;2;1;4;65.3;8968;131;F;False;3.09;0.025813660730703406;1996;8;4;1997;5;11;1973;4;10;0;1;0;0;1;0;0;0
6856;;60.980150581793296;1.212867898699521;66.0;11.0;0.0;0.0;0.0;32.0;28.0;4.0;34.0;8457.22;29463.69;163332;36;4537;70699;60;13;2;1;4;65.3;8968;131;M;False;3.09;0.025813660730703406;1997;9;14;1998;12;1;1937;12;8;0;1;0;0;1;0;0;0
6932;;18.406570841889117;1.8781656399726214;181.0;1.0;2.0;23.0;55.0;78.0;129.0;6.0;46.0;11636.81;57411.61;225504;48;4698;94725;38;28;1;3;6;63.4;9920;130;M;False;2.565;0.048218527315914486;1996;8;8;1998;6;25;1980;1;28;0;0;1;1;0;0;0;1
6469;;27.222450376454482;1.431895961670089;102.0;9.0;0.0;17.0;13.0;47.0;52.0;8.0;42.0;8674.16;40126.97;99744;24;4156;94725;38;28;1;3;6;63.4;9920;130;F;False;2.565;0.048218527315914486;1997;6;12;1998;11;17;1971;8;28;0;0;1;0;1;0;0;0
6321;;34.68856947296372;1.0677618069815196;36.0;9.0;0.0;0.0;0.0;14.0;14.0;0.0;22.0;7807.82;42732.34;38496;12;3208;94725;38;28;1;3;6;63.4;9920;130;F;False;2.565;0.048218527315914486;1997;9;13;1998;10;8;1964;1;30;0;1;0;1;0;1;0;0
7294;;19.59479808350445;0.9500342231348393;54.0;13.0;0.0;0.0;6.0;25.0;31.0;0.0;23.0;7977.97;55438.85;39168;24;1632;94725;38;28;1;3;6;63.4;9920;130;F;False;2.565;0.048218527315914486;1997;10;15;1998;9;27;1979;2;22;0;1;0;0;1;0;0;0
6554;;18.34360027378508;0.4462696783025325;16.0;6.0;0.0;0.0;0.0;6.0;6.0;0.0;10.0;13992.38;44346.16;390096;48;8127;112709;48;20;7;3;10;73.5;8369;117;M;True;2.05;0.024274902625344916;1996;8;19;1997;1;29;1978;9;26;0;1;0;0;1;0;0;0
5043;;50.18480492813142;1.2867898699520877;112.0;1.0;0.0;16.0;22.0;58.0;72.0;8.0;32.0;13857.61;59623.22;468060;60;7801;112709;48;20;7;3;10;73.5;8369;117;F;True;2.05;0.024274902625344916;1996;9;11;1997;12;25;1947;10;19;0;0;1;0;1;0;0;0
7195;;56.27378507871321;0.7994524298425736;51.0;19.0;0.0;0.0;6.0;17.0;23.0;0.0;28.0;3591.37;28634.14;339168;48;7066;112709;48;20;7;3;10;73.5;8369;117;F;False;2.05;0.024274902625344916;1997;7;5;1998;4;23;1942;1;13;0;1;0;0;1;0;0;0
5973;;37.8590006844627;0.29568788501026694;11.0;1.0;0.0;4.0;0.0;3.0;3.0;0.0;8.0;14574.89;44366.05;219456;48;4572;112709;48;20;7;3;10;73.5;8369;117;F;True;2.05;0.024274902625344916;1997;8;8;1997;11;24;1960;1;15;0;1;0;0;1;0;0;0
6746;;35.89048596851472;0.7885010266940452;55.0;3.0;0.0;9.0;0.0;25.0;21.0;4.0;30.0;6177.99;29159.44;185640;60;3094;112709;48;20;7;3;10;73.5;8369;117;F;False;2.05;0.024274902625344916;1997;8;22;1998;6;6;1962;7;16;0;1;0;0;1;0;0;0
6010;;59.846680355920604;0.5448323066392882;16.0;9.0;0.0;0.0;1.0;3.0;4.0;0.0;12.0;14390.51;50892.0;150180;60;2503;110643;49;41;4;1;4;51.9;8441;115;M;False;3.9650000000000003;0.018668148911363574;1996;8;19;1997;3;6;1937;5;1;0;0;1;0;1;0;0;0
6399;;31.885010266940455;1.163586584531143;81.0;16.0;0.0;0.0;20.0;32.0;52.0;0.0;29.0;3852.47;35987.26;49320;36;1370;110643;49;41;4;1;4;51.9;8441;115;M;False;3.9650000000000003;0.018668148911363574;1996;10;22;1997;12;21;1966;2;1;0;1;0;0;1;0;0;0
6748;;49.28678986995209;1.45927446954141;120.0;20.0;0.0;0.0;13.0;53.0;66.0;0.0;54.0;5047.06;26268.19;240900;60;4015;110643;49;41;4;1;4;51.9;8441;115;F;False;3.9650000000000003;0.018668148911363574;1997;6;23;1998;12;8;1949;8;25;0;1;0;0;1;0;0;0
6553;;56.1368925393566;1.3004791238877482;132.0;29.0;0.0;0.0;26.0;62.0;81.0;7.0;44.0;8414.38;48865.98;42384;12;3532;128118;9;16;6;3;8;85.3;9317;97;F;False;6.78;0.053938556643094646;1996;10;8;1998;1;26;1941;12;7;0;1;0;0;1;0;0;0
5072;;36.77481177275838;0.5448323066392882;23.0;1.0;0.0;6.0;0.0;11.0;11.0;0.0;12.0;26260.67;58669.5;196800;24;8200;112065;95;19;7;1;8;69.4;11277;127;F;False;1.345;0.045357604961406325;1996;10;11;1997;4;28;1960;7;19;0;1;0;0;1;0;0;0
6970;;57.648186173853524;0.676249144421629;37.0;10.0;0.0;0.0;4.0;16.0;20.0;0.0;17.0;6230.26;27522.88;31620;60;527;112065;95;19;7;1;8;69.4;11277;127;M;False;1.345;0.045357604961406325;1996;10;13;1997;6;17;1939;10;24;0;1;0;0;1;0;0;0
5953;;42.03422313483915;0.3750855578370979;16.0;1.0;0.0;5.0;0.0;6.0;5.0;1.0;10.0;25922.22;66376.85;97176;24;4049;112065;95;19;7;1;8;69.4;11277;127;F;False;1.345;0.045357604961406325;1996;10;28;1997;3;14;1955;3;2;0;1;0;0;1;0;0;0
5774;;26.45311430527036;0.785763175906913;55.0;2.0;0.0;10.0;17.0;17.0;34.0;0.0;21.0;6375.07;21298.78;96984;36;2694;112065;95;19;7;1;8;69.4;11277;127;M;False;1.345;0.045357604961406325;1997;9;28;1998;7;12;1972;1;28;0;1;0;0;1;0;0;0
5585;;50.57905544147844;1.730321697467488;134.0;41.0;0.0;0.0;0.0;72.0;68.0;4.0;62.0;11850.01;51249.13;88608;12;7384;125832;151;41;2;3;5;48.3;8512;102;M;True;3.815;0.01728495136372306;1996;10;14;1998;7;8;1947;12;9;1;0;0;0;1;0;0;0
6753;;50.97056810403833;0.32306639288158795;14.0;5.0;0.0;0.0;0.0;3.0;3.0;0.0;11.0;7479.0;34806.92;67980;12;5665;125832;151;41;2;3;5;48.3;8512;102;F;False;3.815;0.01728495136372306;1996;11;22;1997;3;20;1946;3;31;0;1;0;0;1;0;0;0
6007;;53.59069130732375;0.8761122518822724;45.0;1.0;0.0;10.0;0.0;25.0;25.0;0.0;20.0;16606.83;58959.28;289920;48;6040;133777;24;17;7;3;11;84.7;8705;116;F;False;6.68;0.03554048902277671;1996;10;14;1997;8;30;1944;1;27;0;1;0;0;1;0;0;0
7279;;49.36344969199179;0.9117043121149897;83.0;27.0;0.0;0.0;7.0;39.0;40.0;6.0;37.0;13533.99;51964.02;155760;24;6490;133777;24;17;7;3;11;84.7;8705;116;F;False;6.68;0.03554048902277671;1997;1;12;1997;12;11;1948;7;31;0;1;0;0;1;0;0;0
5463;;44.61875427789185;0.9418206707734429;58.0;15.0;0.0;0.0;7.0;25.0;32.0;0.0;26.0;6297.55;28597.89;17952;12;1496;133777;24;17;7;3;11;84.7;8705;116;F;False;6.68;0.03554048902277671;1997;10;27;1998;10;6;1954;2;22;0;1;0;0;1;0;0;0
6088;;36.4517453798768;0.37782340862423;13.0;2.0;0.0;4.0;0.0;3.0;3.0;0.0;10.0;8520.46;31516.35;90180;36;2505;72541;66;26;10;0;8;36.9;8594;112;M;False;1.815;0.021401690078714106;1996;10;20;1997;3;7;1960;9;23;0;1;0;0;1;0;0;0
7255;;42.001368925393564;0.4955509924709104;22.0;8.0;0.0;0.0;1.0;8.0;9.0;0.0;13.0;12757.63;37524.89;213300;60;3555;72541;66;26;10;0;8;36.9;8594;112;F;False;1.815;0.021401690078714106;1996;12;10;1997;6;9;1955;6;9;0;1;0;0;1;0;0;0
6861;;37.35797399041752;1.103353867214237;82.0;1.0;0.0;13.0;0.0;44.0;39.0;5.0;38.0;6970.06;37189.77;215040;60;3584;72541;66;26;10;0;8;36.9;8594;112;F;False;1.815;0.021401690078714106;1997;1;21;1998;2;28;1960;10;20;0;1;0;0;1;0;0;0
5318;;23.939767282683093;1.374401095140315;78.0;24.0;0.0;0.0;0.0;42.0;39.0;3.0;36.0;12108.6;69656.37;385584;48;8033;72541;66;26;10;0;8;36.9;8594;112;M;True;1.815;0.021401690078714106;1997;5;16;1998;9;30;1974;10;22;0;1;0;0;1;0;0;0
5435;;24.344969199178646;1.5852156057494866;107.0;2.0;1.0;19.0;0.0;66.0;52.0;15.0;40.0;14847.73;53094.36;314688;48;6556;88884;80;26;6;2;5;46.7;8507;132;M;False;1.76;0.02718712029161604;1996;10;30;1998;6;1;1974;1;26;0;0;1;1;0;1;0;0
6574;;55.68514715947981;1.0568104038329913;64.0;15.0;0.0;0.0;8.0;30.0;35.0;3.0;26.0;10814.93;37934.87;77544;36;2154;88884;80;26;6;2;5;46.7;8507;132;F;False;1.76;0.02718712029161604;1996;11;29;1997;12;20;1942;4;14;0;1;0;0;1;0;0;0
7168;;18.21218343600274;1.5359342915811087;124.0;1.0;0.0;18.0;14.0;73.0;83.0;4.0;37.0;15349.25;64087.07;208332;36;5787;88884;80;26;6;2;5;46.7;8507;132;F;False;1.76;0.02718712029161604;1996;12;21;1998;7;5;1980;4;18;0;1;0;0;1;0;0;0
5525;;61.81793292265572;0.8624229979466119;91.0;27.0;0.0;0.0;18.0;36.0;54.0;0.0;37.0;14420.75;69554.29;93888;36;2608;88884;80;26;6;2;5;46.7;8507;132;M;True;1.76;0.02718712029161604;1997;6;16;1998;4;27;1936;7;2;0;0;1;0;1;0;0;0
5614;;47.25530458590007;1.7659137577002053;108.0;2.0;0.0;21.0;0.0;65.0;62.0;3.0;43.0;10335.43;39822.71;253560;60;4226;119895;17;4;3;2;4;89.9;10446;90;F;False;8.370000000000001;0.04041035906418116;1996;12;15;1998;9;21;1951;6;20;0;1;0;0;1;0;0;0
5665;;52.85420944558521;1.215605749486653;118.0;2.0;0.0;15.0;41.0;46.0;84.0;3.0;31.0;5188.52;48478.59;40632;12;3386;107870;84;29;6;1;6;58.0;8754;137;F;False;4.07;0.035561323815704086;1996;12;22;1998;3;11;1945;5;3;0;0;1;0;1;0;0;0
7151;;56.93908281998631;1.108829568788501;93.0;20.0;0.0;0.0;18.0;42.0;54.0;6.0;33.0;9527.58;45733.44;133800;24;5575;107870;84;29;6;1;6;58.0;8754;137;M;False;4.07;0.035561323815704086;1997;1;9;1998;2;18;1941;3;12;0;1;0;0;1;0;0;0
5909;;50.29705681040383;0.9062286105407256;74.0;13.0;0.0;0.0;21.0;29.0;50.0;0.0;24.0;2586.2;23137.19;61320;60;1022;124605;11;42;14;1;8;46.0;8772;126;F;False;4.835000000000001;0.024124232574936802;1997;2;6;1998;1;3;1947;9;17;0;1;0;0;1;0;0;0
6859;;57.27310061601643;0.9281314168377823;80.0;18.0;0.0;0.0;16.0;26.0;37.0;5.0;38.0;7196.52;39041.92;272220;60;4537;124605;11;42;14;1;8;46.0;8772;126;F;False;4.835000000000001;0.024124232574936802;1997;4;2;1998;3;7;1940;11;27;0;1;0;0;1;0;0;0
6539;;24.97741273100616;1.1307323750855578;78.0;22.0;0.0;0.0;9.0;34.0;43.0;0.0;35.0;2558.96;28534.94;12792;12;1066;124605;11;42;14;1;8;46.0;8772;126;F;False;4.835000000000001;0.024124232574936802;1997;5;24;1998;7;11;1973;7;19;0;1;0;0;1;0;0;0
5226;;59.03353867214237;0.8021902806297057;35.0;11.0;0.0;0.0;7.0;10.0;15.0;2.0;18.0;7575.05;27729.92;185544;36;5154;124605;11;42;14;1;8;46.0;8772;126;M;False;4.835000000000001;0.024124232574936802;1997;12;22;1998;10;11;1939;9;29;0;1;0;0;1;0;0;0
5253;;31.791923340177963;0.28199863107460643;10.0;2.0;0.0;3.0;0.0;2.0;2.0;0.0;8.0;5374.27;22604.34;100080;48;2085;114200;101;41;4;1;4;43.7;8403;105;F;False;5.73;0.02134413309982487;1997;2;20;1997;6;3;1965;8;18;0;1;0;0;1;0;0;0
4967;;46.13278576317591;1.1553730321697468;116.0;18.0;0.0;0.0;36.0;48.0;82.0;2.0;32.0;7572.0;39953.97;318480;60;5308;70646;94;14;3;1;4;58.4;8547;120;M;False;3.145;0.021975766497749342;1997;8;18;1998;10;14;1952;8;26;0;1;0;0;1;0;0;0
